Arousal,Valence
91,59
91,59
91,59
91,59
91,59
91,59
91,59
91,59
91,59
91,59
91,59
91,59
91,59
91,59
91,59
91,59
91,59
91,59
91,59
91,59
91,59
91,59
91,59
91,59
91,59
91,59
91,59
91,59
91,59
91,59
91,59
91,59
91,59
91,59
91,59
91,59
91,59
91,59
91,59
91,59
91,59
91,59
91,59
91,59
91,59
91,59
91,59
91,59
91,59
91,59
91,59
91,59
91,59
91,59
91,59
91,59
91,59
91,59
91,59
91,59
91,59
91,59
91,59
91,59
91,59
91,59
91,59
91,59
91,59
91,59
91,59
91,59
91,59
91,59
91,59
91,59
91,59
91,59
91,59
91,59
91,59
91,59
91,59
91,59
91,59
91,59
91,59
91,59
91,59
91,59
91,59
91,59
91,59
91,59
91,59
91,59
91,59
91,59
91,59
91,59
91,59
91,59
91,59
91,59
91,59
91,59
91,59
91,59
91,59
91,59
91,59
91,59
91,59
91,59
91,59
91,59
91,59
91,59
91,59
91,59
91,59
91,59
91,59
91,59
91,59
91,59
91,59
91,59
91,59
91,59
91,59
91,59
91,59
91,59
91,59
91,59
91,59
91,59
91,59
91,59
91,59
91,59
91,59
91,59
91,59
91,59
91,59
91,59
91,59
91,59
91,59
91,59
91,59
91,59
91,59
91,59
91,59
91,59
91,59
91,59
91,59
91,59
91,59
91,59
91,59
91,59
91,59
91,59
91,59
91,59
91,59
91,59
91,59
91,59
91,59
91,59
91,59
91,59
91,59
91,59
91,59
91,59
91,59
91,59
91,59
91,59
91,59
91,59
91,59
91,59
91,59
91,59
91,59
91,59
91,59
91,59
91,59
91,59
91,59
91,59
91,59
91,59
91,59
91,59
91,59
91,59
91,59
91,59
91,59
91,59
91,59
91,59
91,59
91,59
91,59
91,59
91,59
91,59
91,59
91,59
91,59
91,59
91,59
91,59
91,59
91,59
91,59
91,59
91,59
91,59
91,59
91,59
91,59
91,59
91,59
91,59
91,59
91,59
91,59
91,59
91,59
91,59
91,59
91,59
91,59
91,59
91,59
91,59
91,59
91,59
91,59
91,59
91,59
91,59
91,59
91,59
91,59
91,60
91,61
91,62
91,63
91,64
91,65
91,66
91,67
91,68
91,69
91,70
91,71
91,72
91,73
91,74
91,75
91,76
91,77
91,78
91,79
91,80
91,81
91,82
91,82
91,82
91,82
91,82
91,82
91,82
91,82
91,82
91,82
91,82
91,82
91,82
91,82
91,82
91,82
91,82
91,82
91,82
91,82
91,82
91,82
91,82
91,82
91,82
91,82
91,82
91,82
91,82
91,82
91,82
91,82
91,82
91,82
91,82
91,82
91,82
91,83
91,85
91,86
91,87
91,87
91,89
91,90
91,90
91,91
91,93
91,94
91,94
91,95
91,96
91,97
91,98
91,99
91,100
91,100
91,100
91,100
91,100
91,100
91,100
91,100
91,100
91,100
91,100
91,100
91,100
91,100
91,100
91,100
91,100
91,100
91,100
91,100
91,100
91,100
91,100
91,99
91,99
91,96
91,94
91,94
91,92
91,90
91,89
91,88
91,88
91,88
91,88
91,88
91,88
91,88
91,88
91,88
91,88
91,88
91,88
91,88
91,88
91,88
91,88
91,88
91,88
91,88
91,89
91,90
91,91
91,92
91,92
91,92
91,92
91,92
91,92
91,92
92,92
93,92
94,92
95,92
96,92
96,92
96,92
96,92
96,92
96,92
96,92
96,92
96,92
96,92
96,92
96,92
96,92
96,92
96,92
96,92
96,92
96,92
96,92
96,92
96,92
96,92
96,92
96,92
95,92
94,92
93,91
92,90
91,89
90,88
90,88
90,88
90,88
90,88
90,88
90,88
90,88
90,88
90,88
90,88
90,88
90,88
90,88
90,88
90,88
90,88
90,88
90,88
90,88
90,88
90,88
90,88
90,88
90,88
90,88
90,88
90,88
90,88
90,88
90,88
90,88
90,88
90,88
90,88
90,88
90,88
90,88
90,88
90,88
90,88
90,88
90,88
90,88
90,88
90,88
90,88
90,88
90,88
90,88
90,88
90,88
90,88
90,88
90,88
90,88
90,88
90,88
90,88
90,88
90,88
90,88
90,88
90,88
90,88
90,88
90,88
90,88
90,88
90,88
90,88
90,88
90,88
90,88
90,88
90,88
90,88
90,88
90,88
90,88
90,88
90,88
90,88
90,88
90,88
90,88
90,88
90,88
90,88
90,88
90,88
90,88
90,88
90,88
90,88
90,88
90,88
90,88
90,88
90,88
90,88
90,88
90,88
90,88
90,88
90,88
90,88
90,88
90,88
90,88
90,88
90,88
90,88
90,88
90,88
90,88
90,88
90,88
90,88
90,88
90,88
90,88
90,88
90,88
90,88
90,88
90,88
90,88
90,88
90,88
90,88
90,88
90,88
90,88
90,88
90,88
90,88
90,88
90,88
90,88
90,88
90,88
90,88
90,88
90,88
90,88
90,88
90,88
90,88
90,88
90,88
90,88
90,88
90,88
90,88
90,88
90,88
90,88
90,88
90,88
90,88
90,88
90,88
90,88
90,88
90,88
90,88
90,88
90,88
90,88
90,88
90,87
90,86
90,85
90,84
90,83
90,82
90,81
90,80
90,79
90,78
90,77
90,76
90,75
90,74
90,73
90,72
90,71
90,70
90,69
90,68
90,68
90,68
90,68
90,68
90,68
90,68
90,68
90,68
90,68
90,68
90,68
90,68
90,68
90,68
90,68
90,68
90,68
90,68
90,68
90,68
90,68
90,68
90,68
90,68
90,68
90,68
90,68
90,68
90,68
90,68
90,68
90,68
90,68
90,68
90,68
90,68
90,68
90,68
90,68
90,68
90,68
90,68
90,68
90,68
90,68
90,68
90,68
90,68
90,68
89,68
88,68
87,68
86,68
85,68
84,68
83,68
83,68
83,68
83,68
83,68
83,68
83,68
83,68
83,68
83,68
83,68
83,68
83,68
83,68
83,68
83,68
83,68
83,68
83,68
83,68
83,68
83,68
83,68
83,68
83,68
83,68
83,68
83,68
83,68
83,68
83,68
83,68
83,68
83,68
83,68
83,68
83,68
83,68
83,68
83,68
83,68
83,68
83,68
83,68
83,68
83,69
83,70
83,71
83,72
83,73
83,73
83,73
83,73
83,73
83,73
83,73
83,73
83,73
83,73
83,73
83,73
83,73
83,73
83,73
83,73
83,73
83,73
83,73
83,73
83,73
83,73
83,73
83,73
83,73
83,73
83,73
83,73
83,73
83,73
83,73
83,73
83,73
83,73
83,73
83,73
83,73
83,73
83,72
83,71
83,69
83,67
83,65
83,63
83,61
83,59
83,57
83,55
83,53
83,51
83,49
83,47
83,45
83,43
83,41
83,41
83,41
83,41
83,41
83,41
83,41
83,41
83,41
83,41
83,41
83,41
83,41
83,39
83,37
83,37
83,35
83,33
83,29
83,27
83,27
83,25
83,21
83,19
83,17
83,15
83,13
83,13
83,13
83,13
83,13
83,13
83,13
83,13
83,13
83,13
83,13
83,13
83,13
83,13
83,13
83,13
83,13
83,13
83,13
83,13
83,13
83,14
83,16
83,18
83,20
83,22
83,24
83,26
83,28
83,30
83,30
83,30
83,30
83,31
83,32
83,34
83,36
83,38
83,40
83,42
83,44
83,46
83,48
83,50
83,52
83,52
83,52
83,52
83,52
83,52
83,52
83,52
83,52
83,52
83,52
83,52
83,52
83,52
83,52
83,52
83,52
83,52
83,52
83,52
83,52
83,52
83,52
83,51
83,50
83,49
83,47
83,45
83,45
83,45
83,45
83,45
83,45
83,45
83,45
83,45
83,45
83,45
83,45
83,46
83,47
83,48
83,49
83,50
83,51
83,52
83,52
83,52
83,52
83,52
83,52
83,52
83,52
83,52
83,52
83,52
83,52
83,54
83,56
83,58
83,60
83,62
83,63
83,63
83,63
83,63
83,63
83,63
83,63
83,63
83,64
83,66
83,68
83,70
83,72
83,74
83,75
83,75
83,75
83,75
83,75
83,75
83,75
83,76
83,78
83,80
83,82
83,82
83,84
83,88
83,90
83,92
83,94
83,96
83,98
83,100
83,100
83,100
83,100
83,100
83,100
83,100
83,100
83,100
83,100
83,100
83,100
83,100
83,100
83,100
83,100
83,100
83,100
83,100
83,100
83,100
83,100
83,100
83,100
83,100
85,100
87,100
89,100
91,100
93,100
95,100
97,100
99,100
100,100
100,100
100,100
100,100
100,100
100,100
100,100
100,100
100,100
100,100
100,100
100,100
100,100
100,100
100,100
100,100
100,100
100,100
100,100
100,100
100,100
100,100
100,100
100,100
100,100
100,100
100,100
100,100
100,100
100,100
100,100
100,100
100,100
100,100
100,100
100,100
100,100
100,100
100,100
100,100
100,100
100,100
100,100
100,100
100,100
100,100
100,100
100,100
100,100
100,100
100,100
100,100
100,100
100,100
100,100
100,100
100,100
100,100
100,100
100,100
100,100
100,100
100,100
100,100
100,100
100,100
100,100
100,100
100,100
100,100
100,100
100,100
100,100
100,100
100,100
100,100
100,100
100,100
100,100
100,100
100,100
100,100
100,100
100,100
100,100
100,100
100,100
100,100
100,100
100,100
100,100
100,100
100,100
100,100
100,100
100,100
100,100
100,100
100,100
100,100
100,100
100,100
100,100
100,99
100,99
100,97
100,96
100,96
100,96
100,96
100,96
100,96
100,96
100,96
100,96
100,96
100,96
100,96
100,95
100,91
100,91
100,89
100,87
100,85
100,83
100,81
100,79
100,77
100,75
100,73
100,71
100,71
100,71
100,71
100,71
100,71
100,71
100,71
100,71
100,71
100,71
100,71
100,71
100,71
100,71
100,71
100,71
100,71
100,71
100,71
100,71
100,71
100,71
100,71
100,71
100,71
100,71
100,71
100,71
100,71
100,71
100,71
100,71
100,71
100,71
100,71
100,71
100,71
100,71
100,71
100,71
100,71
100,71
100,71
100,71
100,71
100,71
100,71
100,71
100,71
100,71
100,71
100,71
100,71
100,71
100,71
100,71
100,71
100,71
100,71
100,72
100,76
100,78
100,80
100,82
100,84
100,86
100,86
100,88
100,88
100,88
100,88
100,88
100,88
100,88
100,88
100,88
100,88
100,88
100,88
100,88
100,88
100,88
100,88
100,88
100,88
100,88
100,88
100,88
100,88
100,88
100,88
100,88
100,87
100,85
100,83
100,81
100,80
100,79
100,79
100,79
100,79
100,79
100,79
100,79
100,79
100,79
100,79
100,79
100,79
100,79
100,79
100,79
100,79
100,79
100,79
100,79
100,79
100,79
100,79
100,79
100,79
100,79
100,80
100,81
100,83
100,85
100,87
100,89
100,91
100,92
100,92
100,92
100,92
100,92
100,92
100,92
100,92
100,92
100,92
100,92
100,92
100,92
100,92
100,92
100,92
100,92
100,92
100,92
100,92
100,92
100,92
100,92
100,92
100,92
100,92
100,92
100,92
100,92
100,92
100,92
100,92
100,92
100,92
100,92
100,92
100,92
100,92
100,92
100,92
100,92
100,92
100,92
100,92
100,92
100,92
100,92
100,92
100,92
100,92
100,92
100,92
100,92
100,92
100,92
100,91
100,89
100,87
100,85
100,84
100,83
100,83
100,83
100,83
100,83
100,83
100,83
100,83
100,83
100,83
100,83
100,83
100,83
100,83
100,83
100,83
100,84
100,86
100,88
100,90
100,92
100,94
100,96
100,98
100,98
100,98
100,98
100,98
100,98
100,98
100,98
100,98
100,98
100,98
100,98
100,98
100,98
100,98
100,98
100,98
100,98
100,98
100,98
100,98
100,98
100,98
100,98
100,98
100,98
100,98
100,98
100,98
100,98
100,98
100,98
100,98
100,98
100,98
100,98
100,98
100,98
100,98
100,98
100,98
100,98
100,98
100,98
100,98
100,98
100,98
100,98
100,98
100,98
100,98
100,98
100,98
100,98
100,98
100,98
100,98
100,98
100,98
100,98
100,98
100,98
100,98
100,98
100,98
100,98
100,98
100,98
100,98
100,98
100,98
100,98
100,98
100,98
100,98
100,98
100,98
100,98
100,98
100,98
100,98
100,98
100,98
100,98
100,98
100,98
100,98
100,98
99,98
98,98
97,98
96,98
95,98
95,98
95,98
95,98
95,98
95,98
95,98
95,98
95,98
95,98
95,98
95,98
95,98
95,98
95,98
95,98
95,98
95,98
95,98
95,98
95,98
95,98
95,98
95,98
95,98
95,98
95,98
95,98
95,98
95,98
95,98
95,98
95,98
95,98
95,98
95,98
95,98
95,98
95,98
95,98
95,98
95,98
95,98
95,98
95,98
95,98
95,98
95,98
95,98
95,98
95,98
95,98
95,98
95,98
95,98
95,98
95,98
96,98
98,98
100,98
100,98
100,98
100,98
100,98
100,98
100,98
100,98
100,98
100,98
100,98
100,98
100,98
100,98
100,98
100,98
100,98
100,98
100,98
100,98
100,98
100,98
100,98
100,98
100,98
100,98
100,98
100,98
100,98
100,98
100,98
100,98
100,98
100,98
100,98
100,98
100,98
100,98
100,98
100,98
100,98
100,98
100,98
100,98
100,98
100,98
100,98
100,98
100,98
100,98
100,98
100,98
100,98
100,98
100,98
100,98
100,98
100,98
100,98
100,98
100,98
100,98
100,98
100,98
100,98
100,98
100,98
100,98
100,98
100,98
100,98
100,98
100,98
100,98
100,98
100,98
100,98
100,98
100,98
100,98
100,98
100,98
100,98
100,98
100,98
100,98
100,98
100,98
100,98
100,98
100,98
100,98
100,98
100,98
100,98
100,98
100,98
100,98
100,98
100,98
100,98
100,98
100,98
100,98
100,98
100,98
100,98
100,98
100,98
100,98
100,98
100,98
100,98
100,98
100,98
100,98
100,98
100,98
100,98
100,98
100,98
100,98
100,98
100,98
100,98
100,98
100,98
100,98
100,98
100,98
100,98
100,98
100,98
100,98
100,98
100,98
100,98
100,98
100,98
100,98
100,98
100,98
100,98
100,98
100,98
100,98
100,98
100,98
100,98
100,98
100,98
100,98
100,98
100,98
100,98
100,98
100,98
100,98
100,98
100,98
100,98
100,98
100,98
100,98
100,98
100,98
100,98
100,98
100,98
100,98
100,98
100,98
100,98
100,98
100,98
100,98
100,98
100,98
100,98
100,98
100,98
100,98
100,98
100,98
100,98
100,98
100,98
100,98
100,98
100,98
100,98
100,98
100,98
100,98
100,98
100,98
100,98
100,98
100,98
100,98
100,98
100,98
100,98
100,98
100,98
100,98
100,98
100,98
100,98
100,98
100,98
100,98
100,98
100,98
100,98
100,98
100,98
100,98
100,98
100,98
100,98
100,98
100,98
100,98
100,98
100,98
100,98
100,98
100,98
100,98
100,98
100,98
100,98
100,98
100,98
100,98
100,98
100,98
100,98
100,98
100,98
100,98
100,98
100,98
100,98
100,98
100,98
100,98
100,98
100,98
100,98
100,98
100,98
100,98
100,98
100,98
100,98
100,98
100,98
100,98
100,98
100,98
100,98
100,98
100,98
100,98
100,98
100,98
100,98
100,98
100,98
100,98
100,98
100,98
100,98
100,98
100,98
100,98
100,98
100,98
100,98
100,98
100,98
100,98
100,98
100,98
100,98
100,98
100,98
100,98
100,98
100,98
100,98
100,98
100,98
100,98
100,98
100,98
100,98
100,98
100,98
100,98
100,98
100,98
100,98
100,98
100,98
100,98
100,98
100,98
100,98
100,98
100,98
100,98
100,98
100,98
100,98
100,98
100,98
100,98
100,98
100,98
100,98
100,98
100,98
100,98
100,98
100,98
100,98
100,98
100,98
100,98
100,98
100,98
100,98
100,98
100,98
100,98
100,98
100,98
100,98
100,98
100,98
100,98
100,98
100,98
100,98
100,98
100,98
100,98
100,98
100,98
100,98
100,98
100,98
100,98
100,98
100,98
100,98
100,98
100,98
100,98
100,98
100,98
100,98
100,98
100,98
100,98
100,98
100,98
100,98
100,98
100,98
100,98
100,98
100,98
100,98
100,98
100,98
100,98
100,98
100,98
100,98
100,98
100,98
100,98
100,98
100,98
100,98
100,98
100,98
100,98
100,98
100,98
100,98
100,98
100,98
100,98
100,98
100,98
100,98
100,98
100,98
100,98
100,98
100,98
100,98
100,98
100,98
100,98
100,98
100,98
100,98
100,98
100,98
100,98
100,98
100,98
100,98
100,98
100,98
100,98
100,98
100,98
100,98
100,98
100,98
100,98
100,98
100,98
100,98
100,98
100,98
100,98
100,98
100,98
100,98
100,98
100,98
100,98
100,98
100,98
100,98
100,98
100,98
100,98
100,98
100,98
100,98
100,98
100,98
100,98
100,98
100,98
100,98
100,98
100,98
100,98
100,98
100,98
100,98
100,98
100,98
100,98
100,98
100,98
100,98
100,98
100,98
100,98
100,98
100,98
100,98
100,98
100,98
100,98
100,98
100,98
100,98
100,98
100,97
100,96
100,95
100,94
100,93
100,93
100,93
100,93
100,93
100,93
100,93
100,93
100,93
100,93
100,93
100,93
100,93
100,93
100,93
100,93
100,93
100,93
100,93
100,93
100,93
100,93
100,93
100,93
100,93
100,93
100,93
100,93
100,93
100,93
100,93
100,93
100,93
100,93
100,93
100,93
100,93
100,93
100,93
100,93
100,93
100,93
100,93
100,93
100,93
100,93
100,93
100,93
100,93
100,93
100,93
100,93
100,93
100,93
100,93
100,93
100,93
100,93
100,93
100,93
100,93
100,93
100,93
100,93
100,93
100,93
100,93
100,93
100,93
100,93
100,93
100,91
100,89
100,87
100,85
100,83
100,81
100,79
100,77
100,75
100,73
100,71
100,71
100,67
100,65
100,63
100,61
100,59
100,57
100,57
100,53
100,51
100,49
100,47
100,45
100,43
100,41
100,41
100,37
100,35
100,33
100,32
100,32
100,32
100,32
100,32
100,32
100,32
100,32
100,32
100,32
100,32
100,32
100,32
100,32
100,32
100,32
100,32
100,32
100,32
100,32
100,32
100,32
100,32
100,32
100,32
100,32
100,32
100,32
100,32
100,32
100,32
100,32
100,32
100,32
100,32
100,32
100,32
100,32
100,32
100,32
100,32
100,32
100,32
100,32
100,32
100,32
100,32
100,32
100,32
100,32
100,32
100,32
100,32
100,32
100,32
100,32
100,32
100,32
100,32
100,32
100,32
100,32
100,32
100,32
100,32
100,32
100,32
100,32
100,32
100,32
100,32
100,32
100,32
100,32
100,32
100,32
100,32
100,32
100,32
100,32
100,32
100,32
100,32
100,32
100,32
100,33
100,34
100,35
100,36
100,37
100,38
100,39
100,40
100,41
100,42
100,43
100,44
100,45
100,46
100,47
100,48
100,49
100,50
100,51
100,51
100,51
100,51
100,51
100,51
100,51
100,51
100,51
100,51
100,51
100,51
100,51
100,51
100,51
100,51
100,51
100,51
100,51
100,51
100,51
100,51
100,51
100,51
100,51
100,51
100,51
100,51
100,51
100,51
100,51
100,51
100,52
100,53
100,54
100,55
100,56
100,57
100,58
100,59
100,59
100,59
100,59
100,59
100,59
100,59
100,59
100,59
100,59
100,59
100,59
100,59
100,59
100,59
100,59
100,59
100,59
100,59
100,59
100,59
100,59
100,59
100,60
100,61
100,62
100,63
100,64
100,64
100,64
100,64
100,64
100,64
100,64
100,64
100,64
100,64
100,64
100,64
100,64
100,64
100,64
100,64
100,64
100,64
100,64
100,64
100,64
100,64
100,64
100,64
100,64
100,64
100,64
100,64
100,64
100,64
100,64
100,64
100,64
100,64
100,64
100,64
100,64
100,64
100,64
100,64
100,64
100,64
100,64
100,64
100,64
100,64
100,64
100,64
100,64
100,64
100,64
100,64
100,64
100,64
100,64
100,64
100,64
100,64
100,64
100,64
100,64
100,64
100,64
100,64
100,64
100,64
100,64
100,64
100,64
100,64
100,64
100,64
100,64
100,64
100,64
100,64
100,64
100,64
100,64
100,64
100,64
100,64
100,64
100,64
100,64
100,64
100,64
100,64
100,64
100,64
100,64
100,64
100,64
100,64
100,64
100,64
100,64
100,64
100,64
100,64
100,64
100,64
100,64
100,65
100,66
100,68
100,70
100,72
100,74
100,76
100,77
100,77
100,77
100,77
100,77
100,77
100,77
100,77
100,77
100,77
100,77
100,77
100,77
100,77
100,77
100,77
100,77
100,77
100,77
100,77
100,77
100,77
100,77
100,77
100,77
100,77
100,77
100,77
100,77
100,77
100,77
100,77
100,77
100,77
100,77
100,77
100,77
100,77
100,77
100,77
100,77
100,77
100,77
100,77
100,77
100,77
100,77
100,77
100,77
100,77
100,77
100,77
100,77
100,77
100,77
100,77
100,77
100,77
100,77
100,77
100,77
100,77
100,77
100,77
100,77
100,77
100,77
100,77
100,77
100,77
100,77
100,77
100,77
100,77
100,77
100,77
100,77
100,77
100,77
100,77
100,77
100,77
100,77
100,77
100,77
100,77
100,77
100,77
100,77
100,77
100,77
100,77
100,77
100,77
100,77
100,77
100,77
100,78
100,79
100,80
100,81
100,82
100,83
100,84
100,85
100,86
100,87
100,88
100,89
100,89
100,89
100,89
100,89
100,89
100,89
100,89
100,89
100,89
100,89
100,89
100,89
100,89
100,89
100,89
100,89
100,89
100,89
100,89
100,89
100,89
100,89
100,89
100,89
100,89
100,89
100,89
100,89
100,89
100,89
100,89
100,89
100,89
100,89
100,89
100,89
100,89
100,89
100,89
100,89
100,89
100,89
100,91
100,92
100,93
100,94
100,95
100,96
100,97
100,97
100,97
100,97
100,97
100,97
100,97
100,97
100,97
100,97
100,97
100,97
100,97
100,97
100,97
100,97
100,97
100,97
100,97
100,97
100,97
100,97
100,97
100,97
100,97
100,97
100,97
100,97
100,97
100,97
100,97
100,97
100,97
100,97
100,97
100,97
100,97
100,97
100,97
100,97
100,97
100,97
100,97
100,97
100,97
100,97
100,97
100,97
100,97
100,97
100,97
100,97
100,97
100,97
100,97
100,97
100,97
100,97
100,97
100,97
100,97
100,97
100,97
100,97
100,97
100,97
100,97
100,97
100,97
100,97
100,97
100,97
100,97
100,97
100,97
100,97
100,97
100,97
100,97
100,97
100,97
100,97
100,97
100,97
100,97
100,97
100,97
100,97
100,97
100,97
100,97
100,97
100,97
100,97
100,97
100,97
100,97
100,97
100,97
100,97
100,97
100,97
100,97
100,97
100,97
100,97
100,97
100,97
100,97
100,97
100,97
100,97
100,97
100,97
100,97
100,97
100,97
100,97
100,97
100,97
100,97
100,97
100,97
100,97
100,97
100,97
100,97
100,97
100,97
100,97
100,97
100,97
100,97
100,97
100,97
100,97
100,97
100,97
100,97
100,97
100,97
100,97
100,97
100,97
100,97
100,97
100,97
100,97
100,97
100,97
100,97
100,97
100,97
100,97
100,97
100,97
100,97
100,97
100,97
100,97
100,97
100,97
100,97
100,97
100,97
100,97
100,97
100,97
100,97
100,97
100,97
100,97
100,97
100,97
100,97
100,97
100,97
100,97
100,97
100,97
100,97
100,97
100,97
100,97
100,97
100,97
100,97
100,97
100,97
100,97
100,97
100,97
100,97
100,97
100,97
100,97
100,97
100,97
100,97
100,97
100,97
100,97
100,97
100,97
100,97
100,97
100,97
100,97
100,97
100,97
100,97
100,97
100,97
100,97
100,97
100,97
100,97
100,97
100,97
100,97
100,97
100,97
100,97
100,97
100,97
100,97
100,97
100,97
100,97
100,97
100,97
100,97
100,97
100,97
100,97
100,97
100,97
100,97
100,97
100,97
100,97
100,97
100,97
100,97
100,97
100,97
100,97
100,97
100,97
100,97
100,97
100,97
100,97
100,97
100,97
100,97
100,97
100,97
100,97
100,97
100,97
100,97
100,97
100,97
100,97
100,97
100,97
100,97
100,97
100,97
100,97
100,97
100,97
100,97
100,97
100,97
100,97
100,97
100,97
100,97
100,97
100,97
100,97
100,97
100,97
100,97
100,97
100,97
100,97
100,97
100,97
100,97
100,97
100,97
100,97
100,97
100,97
100,97
100,97
100,97
100,97
100,97
100,97
100,97
100,97
100,97
100,97
100,97
100,97
100,97
100,97
100,97
100,97
100,97
100,97
100,97
100,97
100,97
100,97
100,97
100,97
100,97
100,97
100,97
100,97
100,97
100,97
100,97
100,97
100,97
100,97
100,97
100,97
100,97
100,97
100,97
100,97
100,97
100,97
100,97
100,97
100,97
100,97
100,97
100,97
100,97
100,97
100,97
100,97
100,97
100,97
100,97
100,97
100,97
100,97
100,97
100,97
100,97
100,97
100,97
100,97
100,97
100,97
100,97
100,97
100,97
100,97
100,97
100,97
100,97
100,97
100,97
100,97
100,97
100,97
100,97
100,97
100,97
100,97
100,97
100,97
100,97
100,97
100,97
100,97
100,97
100,97
100,97
100,97
100,97
100,97
100,97
100,97
100,97
100,97
100,97
100,97
100,97
100,97
100,97
100,97
100,97
100,97
100,97
100,97
100,97
100,97
100,97
100,97
100,97
100,97
100,97
100,97
100,97
100,97
100,97
100,97
100,97
100,97
100,97
100,97
100,97
100,97
100,97
100,97
100,97
100,97
100,97
100,97
100,97
100,97
100,97
100,97
100,97
100,97
100,97
100,97
100,97
100,97
100,97
100,97
100,97
100,97
100,97
100,97
100,97
100,97
100,97
100,97
100,97
100,97
100,97
100,97
100,97
100,97
100,97
100,97
100,97
100,97
100,97
100,97
100,97
100,97
100,97
100,97
100,97
100,97
100,97
100,97
100,97
100,97
100,97
100,97
100,97
100,97
100,97
100,97
100,97
100,97
100,97
100,97
100,97
100,97
100,97
100,97
100,97
100,97
100,97
100,97
100,97
100,97
100,97
100,97
100,97
100,97
100,97
100,97
100,97
100,97
100,97
100,97
100,97
100,97
100,97
100,97
100,97
100,97
100,97
100,97
100,97
100,97
100,97
100,97
100,97
100,97
100,97
100,97
100,97
100,97
100,97
100,97
100,97
100,97
100,97
100,97
100,97
100,97
100,97
100,97
100,97
100,97
100,97
100,97
100,97
100,97
100,97
100,97
100,97
100,97
100,97
100,98
100,99
100,100
100,100
100,100
100,100
100,100
100,100
100,100
100,100
100,100
100,100
100,100
100,100
100,100
100,100
100,100
100,100
100,100
100,100
100,100
100,100
100,100
100,100
100,100
100,100
100,100
100,100
100,100
100,100
100,100
100,100
100,100
100,100
100,100
100,100
100,100
100,100
100,100
100,100
100,100
100,100
100,100
100,100
100,100
100,100
100,100
100,100
100,100
100,100
100,100
100,100
100,100
100,100
100,100
100,100
100,100
100,100
100,100
100,100
100,100
100,100
100,100
100,100
100,100
100,100
100,100
100,100
100,100
100,100
100,100
100,100
100,100
100,100
100,100
100,100
100,100
100,100
100,100
100,100
100,100
100,100
100,100
100,100
100,100
100,100
100,100
100,100
100,100
100,100
100,100
100,100
100,100
100,100
100,100
100,100
100,100
100,100
100,100
100,100
100,100
100,100
100,100
100,100
100,100
100,100
100,100
100,100
100,100
100,100
100,100
100,100
100,100
100,100
100,100
100,100
100,100
100,100
100,100
100,100
100,100
100,100
100,100
100,100
100,100
100,100
100,100
100,100
100,100
100,100
100,100
100,100
100,100
100,100
100,100
100,100
100,100
100,100
100,100
100,100
100,100
100,100
100,100
100,100
100,100
100,100
100,100
100,100
100,100
100,100
100,100
100,100
100,100
100,100
100,100
100,100
100,100
100,100
100,100
100,100
100,100
100,100
100,100
100,100
100,100
100,100
100,100
100,100
100,100
100,100
100,100
100,100
100,99
100,98
100,96
100,94
100,92
100,90
100,88
100,87
100,87
100,87
100,87
100,87
100,87
100,87
100,87
100,87
100,87
100,87
100,87
100,87
100,87
100,87
100,87
100,87
100,87
100,87
100,87
100,87
100,87
100,87
100,87
100,87
100,87
100,87
100,87
100,87
100,87
100,87
100,87
100,87
100,87
100,87
100,87
100,87
100,87
100,88
100,89
100,90
100,91
100,92
100,93
100,94
100,95
100,96
100,97
100,98
100,99
100,100
100,100
100,100
100,100
100,100
100,100
100,100
100,100
100,100
100,100
100,100
100,100
100,100
100,100
100,100
100,100
100,100
100,100
100,100
100,100
100,100
100,100
100,100
100,100
100,100
100,100
100,100
100,100
100,100
100,100
100,100
100,99
100,98
100,97
100,96
100,95
100,95
100,95
100,95
100,95
100,95
100,95
100,95
100,95
100,95
100,95
100,95
100,95
100,95
100,95
100,95
100,95
100,95
100,95
100,95
100,95
100,95
100,95
100,95
100,95
100,95
100,95
100,95
100,95
100,95
100,95
100,95
100,95
100,95
100,95
100,95
100,95
100,95
100,95
100,95
100,95
100,95
100,95
100,95
100,95
100,95
100,95
100,95
100,95
100,95
100,95
100,95
100,95
100,95
100,95
100,95
100,95
100,95
100,95
100,95
100,95
100,95
100,95
100,95
100,95
100,95
100,95
100,95
100,95
100,95
100,95
100,95
100,95
100,95
100,95
100,95
100,95
100,95
100,95
100,95
100,95
100,95
100,95
100,95
100,95
100,95
100,95
100,95
100,95
100,95
100,95
100,95
100,95
100,95
100,95
100,95
100,95
100,95
100,95
100,95
100,95
100,95
100,95
100,95
100,95
100,95
100,95
100,95
100,95
100,95
100,95
100,95
100,95
100,95
100,95
100,95
100,95
100,95
100,95
100,95
100,95
100,95
100,95
100,95
100,95
100,95
100,95
100,95
100,95
100,95
100,95
100,95
100,95
100,95
100,95
100,95
100,95
100,95
100,95
100,95
100,95
100,95
100,95
100,95
100,95
100,95
100,95
100,95
100,95
100,95
100,95
100,95
100,95
100,95
100,95
100,95
100,95
100,95
100,95
100,95
100,95
100,95
100,95
100,95
100,95
100,95
100,95
100,95
100,95
100,95
100,95
100,95
100,95
100,95
100,95
100,95
100,95
100,95
100,95
100,95
100,95
100,95
100,95
100,95
100,95
100,95
100,95
100,95
100,95
100,95
100,95
100,95
100,95
100,95
100,95
100,95
100,95
100,95
100,95
100,95
100,95
100,95
100,95
100,95
100,95
100,95
100,95
100,95
100,95
100,95
100,95
100,95
100,95
100,95
100,95
100,95
100,95
100,95
100,95
100,95
100,95
100,95
100,95
100,95
100,95
100,95
100,95
100,95
100,95
100,95
100,95
100,95
100,95
100,95
100,95
100,95
100,95
100,95
100,95
100,95
100,95
100,95
100,95
100,95
100,95
100,95
100,95
100,95
100,95
100,95
100,95
100,95
100,95
100,95
100,95
99,95
97,95
96,95
96,95
96,95
96,95
96,95
96,95
96,95
96,95
96,95
96,95
96,95
96,95
96,95
96,95
96,95
96,95
96,95
96,95
96,95
96,95
96,95
96,95
96,95
96,95
96,95
96,95
96,95
96,95
96,95
96,95
96,95
96,95
96,95
96,95
96,95
96,95
96,95
96,95
96,95
96,95
96,95
96,95
96,95
96,95
96,95
96,95
96,95
96,95
96,95
96,95
96,95
96,95
96,95
96,95
96,95
96,95
96,95
95,95
93,95
92,95
92,95
92,95
92,95
92,95
92,95
92,95
92,95
92,95
92,95
92,95
92,95
92,95
92,95
92,95
92,95
92,95
92,95
92,95
92,95
92,95
91,95
91,95
89,95
88,95
87,95
86,95
86,95
85,95
85,95
85,95
85,95
85,95
85,95
85,95
85,95
85,95
85,95
85,95
85,95
85,95
85,95
85,95
85,95
85,95
85,95
84,95
83,95
82,95
81,95
80,95
80,95
80,95
80,95
80,95
80,95
80,95
80,95
80,95
80,95
80,95
80,95
80,95
80,95
80,95
80,95
80,95
80,95
80,95
80,95
80,95
80,95
80,95
80,95
80,95
80,95
80,95
80,95
80,95
80,95
80,95
80,95
80,95
80,95
80,95
80,95
79,95
78,95
77,95
76,95
75,95
74,95
74,95
74,95
74,95
74,95
74,95
74,95
74,95
74,95
74,95
74,95
74,95
74,95
74,95
74,95
74,95
74,95
74,95
74,95
74,95
74,95
74,95
74,95
74,95
74,95
74,95
74,95
74,95
74,95
74,95
74,95
74,95
74,95
74,95
74,95
74,95
74,95
74,95
74,95
74,95
74,95
74,95
74,95
74,95
74,95
74,95
74,95
74,95
74,95
74,95
74,95
74,95
74,95
74,95
74,95
74,95
74,95
74,95
74,95
74,95
74,95
74,95
74,95
74,95
74,95
74,95
74,95
74,95
74,95
74,95
74,95
74,95
74,95
74,94
74,93
74,92
74,91
74,90
74,89
74,88
74,88
74,88
74,88
74,88
74,88
74,88
74,88
74,88
74,88
74,88
74,88
74,88
74,88
74,88
74,88
74,88
74,88
74,88
74,88
74,88
74,88
74,88
74,88
74,88
74,88
74,88
74,88
74,88
74,88
74,88
74,88
74,88
74,88
74,88
74,88
74,88
74,88
74,88
74,88
74,88
74,88
74,88
74,88
74,88
74,88
74,88
74,88
74,88
74,88
74,88
74,89
74,90
74,91
74,92
74,93
74,94
74,95
74,95
74,95
74,95
74,95
74,95
74,95
74,95
74,95
74,95
74,95
74,95
74,95
74,95
74,95
74,95
74,95
74,95
74,95
74,95
74,95
74,96
74,98
74,100
74,100
74,100
74,100
74,100
74,100
74,100
74,100
74,100
74,100
74,100
74,100
74,100
74,100
74,100
74,100
74,100
74,100
74,100
74,100
74,100
74,100
74,100
74,100
74,100
74,100
74,100
74,100
74,100
74,100
74,100
74,100
74,100
74,100
74,100
74,100
74,100
74,100
74,100
74,100
74,100
74,100
74,100
74,100
74,100
74,100
74,100
74,100
74,100
74,100
74,100
74,100
74,100
74,100
74,100
74,100
74,100
74,100
74,100
74,100
74,100
74,100
74,100
74,100
74,100
74,100
74,100
74,100
74,100
74,100
74,100
74,100
74,100
74,100
74,100
74,100
74,100
74,100
74,100
74,100
74,100
74,100
74,100
74,100
74,100
74,100
74,100
74,100
74,100
74,100
74,100
74,100
74,100
74,100
74,100
74,100
74,100
74,100
74,100
74,100
74,100
74,100
74,100
74,100
74,100
74,100
74,100
74,100
74,100
74,100
74,100
74,100
74,100
74,100
74,100
74,100
74,100
74,100
74,100
74,100
74,100
74,100
74,100
74,100
74,100
74,100
74,100
74,100
74,100
74,100
74,100
74,100
74,100
74,100
74,100
74,100
74,100
74,100
74,100
74,100
74,100
74,100
74,100
74,100
74,100
74,100
74,100
74,100
74,100
74,100
74,100
74,100
74,100
74,100
74,100
74,100
74,100
74,100
74,100
74,100
74,100
74,100
74,100
74,100
74,100
74,100
74,100
74,100
74,100
74,100
74,100
74,100
74,100
74,100
74,100
74,100
74,100
74,100
74,100
74,100
74,100
74,100
74,100
74,100
74,100
74,100
74,100
74,100
74,100
74,100
74,100
74,100
74,100
74,100
74,100
74,100
74,100
74,100
74,100
74,100
74,100
74,100
74,100
74,100
74,100
74,100
74,100
74,100
74,100
74,100
74,100
74,100
74,100
74,100
74,100
74,100
74,100
74,100
74,100
74,100
74,100
74,100
74,100
74,100
74,100
74,100
74,100
74,100
74,100
74,100
74,100
74,100
74,100
74,100
74,100
74,100
74,100
74,100
74,100
74,100
74,100
74,100
74,100
74,100
74,100
74,100
74,100
74,100
74,100
74,100
74,100
74,100
74,100
74,100
74,100
74,100
74,100
74,100
74,100
74,100
74,100
74,100
74,100
74,100
74,100
74,100
74,100
74,100
74,100
74,100
74,100
74,100
74,100
74,100
74,100
74,100
74,100
74,100
74,100
74,100
74,100
74,100
74,100
74,100
74,100
74,100
74,100
74,100
74,100
74,100
74,100
74,100
74,100
74,100
74,100
74,100
74,100
74,100
74,100
74,100
74,100
74,100
74,100
74,100
74,100
74,100
74,100
74,100
74,100
74,100
74,100
74,100
74,100
74,100
74,100
74,100
74,100
74,100
74,100
74,100
74,100
74,100
74,100
74,100
74,100
74,100
74,100
74,100
74,100
74,100
74,100
74,100
74,100
74,100
74,100
74,100
74,100
74,100
74,100
74,100
74,100
74,100
74,100
74,100
74,100
74,100
74,100
74,100
74,100
74,100
74,100
74,100
74,100
74,100
74,100
74,100
74,100
74,100
74,100
74,100
74,100
74,100
74,100
74,100
74,100
74,100
74,100
74,100
74,100
74,100
74,100
74,100
74,100
74,100
74,100
74,100
73,100
72,100
71,100
69,100
67,100
64,100
63,100
63,100
63,100
63,100
63,100
63,100
63,100
63,100
63,100
63,100
63,100
63,100
63,100
63,100
63,100
63,100
63,100
63,100
63,100
63,100
63,100
63,100
63,100
63,100
63,100
63,100
63,100
63,100
63,100
63,100
63,100
63,100
63,100
63,100
63,100
63,100
63,100
63,100
63,100
63,100
63,100
63,100
63,100
63,100
63,100
63,100
63,100
63,100
63,100
63,100
63,100
63,100
63,100
63,100
63,100
63,100
63,100
63,100
63,100
63,100
63,100
63,100
63,100
63,100
63,100
63,100
63,100
63,100
63,100
63,100
63,100
63,100
63,100
63,100
63,100
63,100
63,100
63,100
63,100
63,100
63,100
63,100
63,100
63,100
63,100
63,100
63,100
63,100
63,100
63,100
63,100
63,100
63,100
63,100
63,100
63,100
63,100
63,100
63,100
62,100
61,100
60,100
58,100
56,100
54,100
52,100
50,100
50,100
50,100
50,100
50,100
50,100
50,100
50,100
50,100
50,100
50,100
50,100
50,100
50,100
50,100
50,100
50,100
50,100
50,100
50,100
50,100
50,100
50,100
50,100
50,100
50,100
50,100
50,100
50,100
49,100
48,100
47,100
46,100
45,100
44,100
43,100
42,100
42,100
42,100
42,100
42,100
42,100
42,100
42,100
42,100
42,100
42,100
42,100
42,100
42,100
42,100
42,100
42,100
42,100
42,100
42,100
42,100
42,100
42,100
42,100
42,100
42,100
42,100
42,100
42,100
42,100
42,100
42,100
42,100
42,100
42,100
42,100
42,100
42,100
42,100
42,100
42,100
42,100
42,100
42,100
42,100
42,100
42,100
42,100
42,100
42,100
42,100
42,100
42,100
42,100
42,100
42,100
42,100
42,100
42,100
42,100
42,100
42,100
42,100
42,100
42,100
42,100
42,100
42,100
42,100
42,100
42,100
42,100
42,100
42,100
42,100
42,100
42,100
42,100
42,100
42,100
42,100
42,100
42,100
42,100
42,100
42,100
42,100
42,100
42,100
42,100
42,100
42,100
42,100
42,100
42,100
42,100
42,100
42,100
42,100
42,100
42,100
42,100
42,100
42,100
42,100
42,100
42,100
42,100
42,100
42,100
42,100
42,100
42,100
42,100
42,100
42,100
42,100
42,100
42,100
42,100
42,100
42,100
42,100
42,100
42,100
42,100
42,100
42,100
42,100
42,100
42,100
42,100
42,100
42,100
42,100
42,100
42,100
42,100
42,100
42,100
42,100
42,100
42,100
42,100
42,100
42,100
42,100
42,100
42,100
42,100
42,100
42,100
42,100
42,100
42,100
42,100
42,100
42,100
42,100
42,100
41,100
40,100
39,100
38,100
37,100
36,100
36,100
36,100
36,100
36,100
36,100
36,100
36,100
36,100
36,100
36,100
36,100
36,100
36,100
36,100
36,100
36,100
36,100
36,100
36,100
36,100
36,100
36,100
36,100
36,100
36,100
36,100
36,100
36,100
36,100
36,100
36,100
36,100
36,100
36,100
36,100
36,100
36,100
36,100
36,100
36,100
36,100
36,100
36,100
36,100
36,100
36,100
36,100
36,100
36,100
36,100
36,100
36,100
36,100
36,100
36,100
36,100
36,100
36,100
36,100
36,100
36,100
36,100
36,100
36,100
36,100
36,100
36,100
36,100
36,100
36,100
36,100
36,100
36,100
36,100
36,100
36,100
36,100
36,100
36,100
36,100
36,100
36,100
36,100
36,100
36,100
36,100
36,100
36,100
36,100
36,100
36,100
36,100
36,100
36,100
36,100
36,100
36,100
36,100
36,100
36,100
36,100
36,100
36,100
36,100
36,100
36,100
36,100
36,100
36,100
36,100
36,100
36,100
36,100
36,100
36,100
36,100
36,100
36,100
36,100
36,100
36,100
36,100
36,100
36,100
36,100
36,100
36,100
36,100
36,100
36,100
36,100
36,100
36,100
36,100
36,100
36,100
36,100
36,100
36,100
36,100
36,100
36,100
36,100
36,100
36,100
36,100
36,100
36,100
36,100
36,100
36,100
36,100
36,100
36,100
36,100
36,100
36,100
36,100
36,100
36,100
36,100
36,100
36,100
36,100
36,100
36,100
36,100
36,100
36,100
36,100
36,100
36,100
36,100
36,100
36,100
36,100
36,100
36,100
36,100
36,100
36,100
36,100
36,100
36,100
36,100
36,100
36,100
36,100
36,100
36,100
36,100
36,100
36,100
36,100
36,100
36,100
36,100
36,100
36,100
36,100
36,100
36,100
36,100
36,100
36,100
36,100
36,100
36,100
36,100
36,100
36,100
36,100
36,100
36,100
36,100
36,100
36,100
36,100
36,100
36,100
36,100
36,100
36,100
36,100
36,100
36,100
36,100
36,100
36,100
36,100
36,100
36,100
36,100
36,100
36,100
36,100
36,100
36,100
36,100
36,100
36,100
36,100
36,100
36,100
36,100
36,100
36,100
36,100
36,100
36,100
36,100
36,100
36,100
36,100
36,100
36,100
36,100
36,100
36,100
36,100
36,100
36,100
36,100
36,100
36,100
36,100
36,100
36,100
36,100
36,100
36,100
36,100
36,100
36,100
36,100
36,100
36,100
36,100
36,100
36,100
36,100
36,100
36,100
36,100
36,100
36,100
36,100
36,100
36,100
36,100
36,100
36,100
36,100
36,100
36,100
36,100
36,100
36,100
36,100
36,100
36,100
36,100
36,100
36,100
36,100
36,100
36,100
36,100
36,100
36,100
36,100
36,100
36,100
36,100
36,100
36,100
36,100
36,100
36,100
36,100
36,100
36,100
36,100
36,100
36,100
36,100
36,100
36,100
36,100
36,100
36,100
36,100
36,100
36,100
36,100
36,100
36,100
36,100
36,100
36,100
36,100
36,100
36,100
36,100
36,100
36,100
36,100
36,100
36,100
36,100
36,100
36,100
36,100
36,100
36,100
36,100
36,100
36,100
36,100
36,100
36,100
36,100
36,100
36,100
36,100
36,100
36,100
36,100
36,100
36,100
36,100
36,100
36,100
36,100
36,100
36,100
36,100
36,100
36,100
36,100
36,100
36,100
36,100
36,100
36,100
36,100
36,100
36,100
36,100
36,100
36,100
36,100
36,100
36,100
36,100
36,100
36,100
36,100
36,100
36,100
36,100
36,100
36,100
36,100
36,100
36,100
36,100
36,100
36,100
36,100
36,100
36,100
36,100
36,100
36,100
36,100
36,100
36,100
36,100
36,100
36,100
36,100
36,100
36,100
36,100
36,100
36,100
36,100
36,100
36,100
36,100
36,100
36,100
36,100
36,100
36,100
36,100
36,100
36,100
36,100
36,100
36,100
36,100
36,100
36,100
36,100
36,100
36,100
36,100
36,100
36,100
36,100
36,100
36,100
36,100
36,100
36,100
36,100
36,100
36,100
36,100
36,100
36,100
36,100
36,100
36,100
36,100
36,100
36,100
36,100
36,100
36,100
36,100
36,100
36,100
36,100
36,100
36,100
36,100
36,100
36,100
36,100
36,100
36,100
36,100
36,100
36,100
36,100
36,100
36,100
36,100
36,100
36,100
36,100
36,100
36,100
36,100
36,100
36,100
36,100
36,100
36,100
36,100
36,100
36,100
36,100
36,100
36,100
36,100
36,100
36,100
36,100
36,100
36,100
36,100
36,100
36,100
36,100
36,100
36,100
36,100
36,100
36,100
36,100
36,100
36,100
36,100
36,100
36,100
36,100
36,100
36,100
36,100
36,100
36,100
36,100
36,100
36,100
36,100
36,100
36,100
36,100
36,100
36,100
36,100
36,100
36,100
36,100
36,100
36,100
36,100
36,100
36,100
36,100
36,100
36,100
36,100
36,100
36,100
36,100
36,100
36,100
36,100
36,100
36,100
36,100
36,100
36,100
36,100
36,100
36,100
36,100
36,100
36,100
36,100
36,100
36,100
36,100
36,100
36,100
36,100
37,100
38,100
39,100
40,100
40,100
40,100
40,100
40,100
40,100
40,100
41,100
42,100
44,100
46,100
48,100
50,100
52,100
53,100
53,100
53,100
53,100
53,100
53,100
53,100
53,100
53,100
53,100
53,100
53,100
53,100
53,100
53,100
53,100
53,100
53,100
53,100
53,100
53,100
53,100
53,100
53,100
53,100
53,100
53,100
53,100
53,100
53,100
53,100
53,100
53,100
53,100
53,100
53,100
53,100
53,100
53,100
53,100
53,100
53,100
53,100
53,100
53,100
53,100
53,100
53,100
53,100
53,100
53,100
53,100
53,100
53,100
53,100
53,100
53,100
53,100
53,100
53,100
53,100
53,100
53,100
53,100
53,100
53,100
53,100
53,100
53,100
53,100
53,100
53,100
53,100
53,100
53,100
53,100
53,100
53,100
53,100
53,100
53,100
53,100
53,100
54,100
55,100
56,100
57,100
58,100
59,100
60,100
61,100
62,100
63,100
64,100
65,100
66,100
67,100
68,100
69,100
70,100
71,100
72,100
72,100
72,100
72,100
72,100
72,100
72,100
72,100
72,100
72,100
72,100
72,100
72,100
72,100
72,100
72,100
72,100
72,100
72,100
72,100
72,100
72,100
72,100
72,100
72,100
72,100
72,100
72,100
72,100
72,100
72,100
72,100
73,100
74,100
75,100
76,100
77,100
78,100
79,100
80,100
80,100
80,100
80,100
80,100
80,100
80,100
80,100
80,100
80,100
80,100
80,100
80,100
80,100
80,100
80,100
80,100
80,100
80,100
80,100
80,100
80,100
80,100
80,100
80,100
80,100
80,100
80,100
80,100
80,100
80,100
80,100
80,100
80,100
80,100
80,100
80,99
80,98
80,97
80,96
80,95
80,95
80,95
80,95
80,95
80,95
80,95
80,95
80,95
80,95
80,95
80,95
80,95
80,95
80,95
80,95
80,95
80,95
80,95
80,95
80,95
80,95
80,95
80,95
80,95
80,95
80,95
80,95
80,95
80,95
80,95
80,95
80,95
80,95
80,95
80,95
80,95
80,95
80,95
80,95
80,95
80,95
80,95
80,95
80,95
80,95
80,95
80,95
80,95
80,95
80,95
80,95
80,95
80,95
80,95
80,95
80,95
80,95
80,95
80,95
80,95
80,95
80,95
80,95
80,95
80,95
80,95
80,95
80,95
80,95
80,95
80,95
80,95
80,95
80,95
79,95
78,95
77,95
76,95
75,95
75,95
75,95
75,95
75,95
75,95
75,95
75,95
75,95
75,95
75,95
75,95
75,95
75,95
75,95
75,95
75,95
75,95
75,95
75,95
75,95
75,95
75,95
75,95
75,95
75,95
75,95
75,95
75,95
75,95
75,95
75,95
75,95
75,95
75,95
75,95
75,95
75,95
75,95
75,95
75,95
75,95
75,95
75,95
75,95
75,95
75,95
75,95
75,95
75,95
75,95
75,95
75,95
75,95
75,95
75,95
75,95
75,95
75,95
75,95
75,95
75,95
75,95
75,95
75,95
75,95
75,95
75,95
75,95
75,95
75,95
75,95
75,95
75,95
75,95
75,95
75,95
75,95
75,95
75,95
75,95
75,95
75,95
75,95
75,95
75,95
75,95
75,95
75,95
75,95
75,95
75,95
75,95
75,95
75,95
75,95
75,95
75,95
75,95
74,95
73,95
72,95
71,95
71,95
70,95
70,95
70,95
70,95
70,95
70,95
70,95
70,95
70,95
70,95
70,95
70,95
70,95
70,95
70,95
70,95
70,95
70,95
70,95
70,95
70,95
70,95
70,95
70,95
70,95
70,95
70,95
70,95
70,95
70,95
70,95
70,95
70,95
70,95
70,95
70,95
70,95
70,95
70,95
70,95
70,95
68,95
67,95
66,95
66,95
66,95
66,95
66,95
66,95
66,95
66,95
66,95
66,95
66,95
66,95
66,95
66,95
66,95
66,95
66,95
66,95
66,95
66,95
66,95
66,95
66,95
66,95
66,95
66,95
66,95
66,95
66,95
66,95
66,95
66,95
66,95
66,95
66,95
66,95
66,95
66,95
66,95
66,95
66,95
66,95
66,95
66,95
65,95
64,95
63,95
62,95
62,95
62,95
62,95
62,95
62,95
62,95
62,95
62,95
62,95
62,95
62,95
62,95
62,95
62,95
62,95
62,95
62,95
62,95
62,95
62,95
62,95
62,95
62,95
62,95
62,95
62,95
62,95
62,95
62,95
62,95
62,95
62,95
62,95
62,95
62,95
62,95
62,95
62,95
62,95
62,95
62,95
62,95
61,95
60,95
59,95
58,95
58,95
58,95
58,95
58,95
58,95
58,95
58,95
58,95
58,95
58,95
58,95
58,95
58,95
58,95
58,95
58,95
58,95
58,95
58,95
58,95
58,95
58,95
58,95
58,95
58,95
58,95
58,95
58,95
58,95
58,95
58,95
58,95
58,95
58,95
58,95
58,95
58,95
57,95
56,95
55,95
54,95
53,95
52,95
51,95
51,95
51,95
51,95
51,95
51,95
51,95
51,95
51,95
51,95
51,95
51,95
51,95
51,95
51,95
51,95
51,95
51,95
51,95
51,95
51,95
51,95
51,95
51,95
51,95
51,95
51,95
51,95
51,95
51,95
51,95
51,95
51,95
51,95
51,95
51,95
51,95
51,95
51,95
51,95
51,95
51,95
51,95
51,95
51,95
51,95
51,95
51,95
51,95
51,95
51,95
51,95
51,95
51,95
51,95
51,95
51,95
51,95
51,95
51,95
51,95
51,95
51,95
51,95
51,95
51,95
51,95
51,95
51,95
51,95
51,95
51,95
51,95
51,95
51,95
51,95
51,95
51,95
51,95
51,95
51,95
51,95
51,95
51,95
51,95
51,95
51,95
51,95
51,95
51,95
51,95
51,95
51,95
51,95
51,95
51,95
51,95
51,95
51,95
51,95
50,95
49,95
48,95
47,95
46,95
46,95
46,95
46,95
46,95
46,95
46,95
46,95
46,95
46,95
46,95
46,95
46,95
46,95
46,95
46,95
46,95
46,95
46,95
46,95
46,95
46,95
46,95
46,95
46,95
46,95
46,95
46,95
45,95
45,95
44,95
43,95
42,95
41,95
41,95
41,95
41,95
41,95
41,95
41,95
41,95
41,95
41,95
41,95
41,95
41,95
41,95
41,95
41,95
41,95
41,95
41,95
41,95
41,95
41,95
41,95
41,95
41,95
41,95
41,95
41,95
41,95
40,95
39,95
38,95
38,95
38,95
38,95
38,95
38,95
38,95
38,95
38,95
38,95
38,95
38,95
38,95
38,95
38,95
38,95
38,95
38,95
38,95
38,95
38,95
38,95
38,95
38,95
38,95
38,95
38,95
38,95
38,95
38,95
38,95
38,95
38,95
38,95
38,95
38,95
38,95
38,95
38,95
38,95
38,95
38,95
38,95
38,95
38,95
38,95
38,95
38,95
38,95
38,95
38,95
38,95
37,95
36,95
35,95
34,95
33,95
32,95
31,95
30,95
29,95
28,95
27,95
26,95
26,95
26,95
26,95
26,95
26,95
26,95
26,95
26,95
26,95
26,95
26,95
26,95
26,95
26,95
26,95
26,95
26,95
26,95
26,95
26,95
26,95
26,95
26,95
26,95
26,95
26,95
26,95
26,95
26,95
26,95
26,95
26,95
26,95
26,95
26,95
26,95
26,95
26,95
26,95
26,95
26,95
26,95
26,95
26,95
26,95
26,95
26,95
26,95
26,95
26,95
26,95
26,95
26,95
26,95
26,95
26,95
26,95
26,95
26,95
26,95
26,95
26,95
26,95
26,95
26,95
26,95
26,95
26,95
26,95
26,95
26,95
26,95
26,95
26,95
26,95
26,95
26,95
26,95
26,95
26,95
26,95
26,95
26,95
26,95
26,95
26,95
26,95
26,95
26,95
26,95
26,95
26,95
26,95
26,95
26,95
26,95
26,95
26,95
26,95
26,95
26,95
26,95
26,95
26,95
26,95
26,95
26,95
26,95
26,95
26,95
26,95
26,95
26,95
26,95
26,95
26,95
26,95
26,95
26,95
26,95
26,95
26,95
26,95
26,95
26,95
26,95
26,95
26,95
26,95
26,95
26,95
26,95
26,95
26,95
26,95
26,95
26,95
26,95
26,95
26,95
26,95
26,95
26,95
26,95
26,95
26,95
26,95
26,95
26,95
26,95
26,95
26,95
26,95
26,95
26,95
26,95
26,95
26,95
26,95
26,95
26,95
26,95
26,95
26,95
26,95
26,95
26,95
26,95
26,95
26,95
26,95
26,95
26,95
26,95
26,95
26,95
26,95
26,95
26,95
26,95
26,95
26,95
26,95
26,95
26,95
26,95
26,95
26,95
26,95
26,95
26,95
26,95
26,95
26,95
26,95
26,95
26,95
26,95
26,95
26,95
26,95
26,95
26,95
26,95
26,95
26,95
26,95
26,95
26,95
26,95
26,95
26,95
26,95
26,95
26,95
26,95
26,95
26,95
26,95
26,95
26,95
26,95
26,95
26,95
26,95
26,95
26,95
26,95
26,95
26,95
26,95
26,95
26,95
26,95
26,95
26,95
26,95
26,95
26,95
26,95
26,95
26,95
26,95
26,95
26,95
26,95
26,95
26,95
26,95
26,95
26,95
26,95
26,95
26,95
26,95
26,95
26,95
26,95
26,95
26,95
26,95
26,95
26,95
26,95
26,95
26,95
26,95
26,95
26,95
26,95
26,95
26,95
26,95
26,95
26,95
26,95
26,95
26,95
26,95
26,95
26,95
26,95
26,95
26,95
26,95
26,95
26,95
26,95
26,95
26,95
26,95
26,95
26,95
26,95
26,95
26,95
26,95
26,95
26,95
26,95
26,95
26,95
26,95
26,95
26,95
26,95
26,95
26,95
26,95
26,95
26,95
26,95
26,95
26,95
26,95
26,95
26,95
26,95
26,95
26,95
26,95
26,95
26,95
26,95
26,95
26,95
26,95
26,95
26,95
26,95
26,95
26,95
26,95
26,95
26,95
26,95
26,95
26,95
26,95
26,95
26,95
26,95
26,95
26,95
26,95
26,95
26,95
26,95
26,95
26,95
26,95
26,95
26,95
26,95
26,95
26,95
26,95
26,95
26,95
26,95
26,95
26,95
26,95
26,95
26,95
26,95
26,95
26,95
26,95
26,95
26,95
26,95
26,95
26,95
26,95
26,95
26,95
26,95
26,95
26,95
26,95
26,95
26,95
26,95
26,95
26,95
26,95
26,95
26,95
26,95
26,95
26,95
26,95
26,95
26,95
26,95
26,95
26,95
26,95
26,95
26,95
26,95
26,95
26,95
26,95
26,95
26,95
26,95
26,95
26,95
26,95
26,95
26,95
26,95
26,95
26,95
26,95
26,95
26,95
26,95
26,95
26,95
26,95
26,95
26,95
26,95
26,95
26,95
26,95
26,95
26,95
26,95
26,95
26,95
26,95
26,95
26,95
26,95
26,95
26,95
26,95
26,95
26,95
26,95
26,95
26,95
26,95
26,95
26,95
26,95
26,95
26,95
26,95
26,95
26,95
26,95
26,95
26,95
26,95
26,95
26,95
26,95
26,95
26,95
26,95
26,95
26,95
26,95
26,95
26,95
26,95
26,95
26,95
26,95
26,95
26,95
26,95
26,95
26,95
26,95
26,95
26,95
26,95
26,95
26,95
26,95
26,95
26,95
26,95
26,95
26,95
26,95
26,95
26,95
26,95
26,95
26,95
26,95
26,95
26,95
26,95
26,95
26,95
26,95
26,95
26,95
26,95
26,95
26,95
26,95
26,95
26,95
26,95
26,95
26,95
26,95
26,95
26,95
26,95
26,95
26,95
26,95
26,95
26,95
26,95
26,95
26,95
26,95
26,95
26,95
26,95
26,95
26,95
26,95
26,95
26,95
26,95
26,95
26,95
26,95
26,95
26,95
26,95
26,95
26,95
26,95
26,95
26,95
26,95
26,95
26,95
26,95
26,95
26,95
26,95
26,95
26,95
26,95
26,95
26,95
26,95
26,95
26,95
26,95
26,95
27,95
28,95
29,95
30,95
31,95
32,95
32,95
32,95
32,95
32,95
32,95
32,95
32,95
32,95
32,95
32,95
32,95
32,95
32,95
32,95
32,95
32,95
32,95
32,95
32,95
32,95
32,95
32,95
32,95
32,95
32,95
32,95
32,95
32,95
32,95
32,95
32,95
32,95
32,95
32,95
32,95
32,95
32,95
32,95
32,95
32,95
32,95
32,95
31,95
30,95
28,95
26,95
24,95
22,95
20,95
20,95
20,95
20,95
20,95
20,95
20,95
20,95
20,95
20,95
20,95
20,95
20,95
20,95
20,95
20,95
20,95
20,95
21,95
23,95
25,95
27,95
29,95
31,95
33,95
35,95
37,95
39,95
41,95
42,95
43,95
43,95
43,95
43,95
43,95
43,95
43,95
43,95
43,95
43,95
43,95
43,95
43,95
43,95
43,95
43,95
43,95
43,95
43,95
43,95
42,95
41,95
40,95
39,95
39,95
39,95
39,95
39,95
39,95
39,95
39,95
39,95
39,95
39,95
39,95
39,95
39,95
39,95
39,95
39,95
39,95
39,95
39,95
39,95
39,95
39,95
39,95
39,95
39,95
39,95
39,95
39,95
39,95
39,95
39,95
39,95
39,95
39,95
39,95
39,95
39,95
39,95
39,95
39,95
39,95
39,95
39,95
39,95
39,95
39,95
39,95
39,95
39,95
39,95
39,95
39,95
39,95
39,95
39,95
39,95
39,95
39,95
39,95
39,95
39,95
39,95
39,95
39,95
39,95
39,95
39,95
39,95
39,95
39,95
39,95
39,95
39,95
39,95
39,95
39,95
39,95
39,95
39,95
39,95
39,95
39,95
39,95
39,95
39,95
39,95
39,95
39,95
39,95
39,95
39,95
39,95
39,95
39,95
39,95
39,95
39,95
39,95
39,95
39,95
39,95
39,95
39,95
39,95
39,95
39,95
39,95
39,95
39,95
39,95
39,95
39,95
39,95
39,95
39,95
39,95
39,95
39,95
39,95
39,95
39,95
39,95
39,95
39,95
39,95
39,95
39,95
39,95
39,95
39,95
39,95
39,95
39,95
39,95
39,95
39,95
39,95
39,95
39,95
39,95
39,95
39,95
39,95
39,95
39,95
39,95
39,95
39,95
39,95
39,95
39,95
39,95
39,95
39,95
39,95
39,95
39,95
39,95
39,95
39,95
39,95
39,95
39,95
39,95
39,95
39,95
39,95
39,95
39,95
39,95
39,95
39,95
39,95
39,95
39,95
39,95
39,95
39,95
39,95
39,95
39,95
39,95
39,95
39,95
39,95
39,95
39,95
39,95
39,95
38,95
37,95
36,95
34,95
34,95
33,95
32,95
32,95
32,95
32,95
32,95
32,95
32,95
32,95
32,95
32,95
32,95
32,95
32,95
32,95
32,95
32,95
32,95
32,95
32,95
32,95
32,95
32,95
32,95
32,95
32,95
32,95
32,95
32,95
32,95
32,95
32,95
32,95
32,95
32,95
32,95
32,95
32,95
32,95
32,95
32,95
32,95
32,95
32,95
32,95
32,95
32,95
32,95
32,95
32,95
32,95
32,95
32,95
32,95
32,95
32,95
32,95
32,95
32,95
32,95
32,95
32,95
32,95
32,95
32,95
32,95
32,95
32,95
32,95
32,95
32,95
32,95
32,95
32,95
32,95
32,95
32,95
32,95
32,95
32,95
32,95
32,95
32,95
32,95
32,95
32,95
32,95
32,95
32,95
32,95
32,95
32,95
32,95
32,95
32,95
32,95
32,95
32,95
32,95
32,95
32,95
32,95
32,95
32,95
32,95
32,95
32,95
32,95
32,95
32,95
32,95
32,95
32,95
32,95
32,95
32,95
32,95
32,95
32,95
32,95
32,95
32,95
32,95
32,95
32,95
32,95
32,95
32,95
32,95
32,95
32,95
32,95
32,95
32,95
32,95
32,95
32,95
32,95
32,95
32,95
32,95
32,95
32,95
32,95
32,95
32,95
32,95
32,95
32,95
32,95
32,95
32,95
32,95
32,95
32,95
32,95
32,95
32,95
32,95
32,95
32,95
32,95
32,95
32,95
32,95
32,95
32,95
32,95
32,95
32,95
32,95
32,95
32,95
32,95
32,95
32,95
32,95
32,95
32,95
32,95
32,95
32,95
32,95
32,95
32,95
32,95
32,95
32,95
32,95
33,95
34,95
35,95
36,95
37,95
38,95
38,95
38,95
38,95
38,95
38,95
38,95
38,95
38,95
38,95
38,95
38,95
38,95
38,95
38,95
38,95
38,95
38,95
38,95
38,95
38,95
37,95
35,95
33,95
31,95
30,95
30,95
30,95
30,95
30,95
30,95
30,95
30,95
30,95
30,95
30,95
30,95
30,95
30,95
30,95
30,95
30,95
30,95
30,95
30,95
30,95
30,95
30,95
30,95
30,95
30,95
30,95
30,95
30,95
30,95
30,95
30,95
30,95
30,95
30,95
30,95
30,95
30,95
30,95
30,95
30,95
30,95
30,95
30,95
30,95
30,95
30,95
30,95
30,95
30,95
30,95
30,95
30,95
30,95
30,95
30,95
30,95
30,95
30,95
30,95
30,95
30,95
30,95
30,95
30,95
30,95
30,95
30,95
30,95
30,95
30,95
30,95
30,95
30,95
30,95
30,95
30,95
30,95
30,95
30,95
30,95
30,95
30,95
30,95
30,95
30,95
30,95
30,95
30,95
30,95
30,95
30,95
30,95
30,95
30,95
30,95
30,95
30,95
30,95
30,95
30,95
30,95
30,95
30,95
30,95
30,95
30,95
30,95
30,95
30,95
30,95
30,95
30,95
30,95
30,95
30,95
30,95
30,95
30,95
30,95
30,95
30,95
30,95
30,95
30,95
30,95
30,95
30,95
30,95
30,95
30,95
30,95
30,95
30,95
30,95
30,95
30,95
30,95
30,95
30,95
30,95
30,95
30,95
30,95
30,95
30,95
30,95
30,95
30,95
30,95
30,95
30,95
30,95
30,95
30,95
30,95
30,95
30,95
30,95
30,95
30,95
30,95
30,95
30,95
30,95
30,95
30,95
30,95
30,95
30,95
30,95
30,95
30,95
30,95
30,95
30,95
30,95
30,95
30,95
30,95
30,95
30,95
30,95
30,95
29,95
28,95
27,95
25,95
23,95
21,95
19,95
17,95
15,95
14,95
14,95
14,95
14,95
14,95
14,95
14,95
14,95
14,95
14,95
14,95
14,95
14,95
14,95
14,95
14,95
14,95
14,95
14,95
14,95
14,95
14,95
14,95
14,95
14,95
14,95
14,95
14,95
14,95
14,95
14,95
14,95
14,95
14,95
14,95
14,95
14,95
14,95
14,95
14,95
14,95
14,95
14,95
14,95
14,95
14,95
14,95
14,95
14,95
14,95
14,95
14,95
14,95
14,95
14,95
14,95
14,95
14,95
14,95
14,95
14,95
14,95
14,95
14,95
14,95
14,95
14,95
14,95
14,95
14,95
14,95
14,95
14,95
14,95
14,95
14,95
14,95
14,95
14,95
14,95
14,95
14,95
14,95
14,95
14,95
14,95
14,95
14,95
14,95
14,95
14,95
14,95
14,95
14,95
14,95
14,95
14,95
14,95
13,95
12,95
10,95
8,95
6,95
4,95
2,95
0,95
0,95
0,95
0,95
0,95
0,95
0,95
0,95
0,95
0,95
0,95
0,95
0,95
0,95
0,95
0,95
0,95
0,95
0,95
0,95
0,95
0,95
0,95
0,95
0,95
0,95
0,95
0,95
0,95
0,95
0,95
0,95
0,95
0,95
0,95
0,95
0,95
0,95
0,95
0,95
0,95
0,95
0,95
0,95
0,95
0,95
0,95
0,95
0,95
0,95
0,95
0,95
0,95
0,95
0,95
0,95
0,95
0,95
0,95
0,95
0,95
0,95
0,95
0,95
0,95
0,95
0,95
0,95
0,95
0,95
0,95
0,95
0,95
0,95
0,95
0,95
0,95
0,95
0,95
0,95
0,95
0,95
0,95
0,95
0,95
0,95
0,95
0,95
0,95
0,95
0,95
0,95
0,95
0,95
0,95
0,95
0,95
0,95
0,95
0,95
0,95
0,95
0,95
0,95
0,95
0,95
0,95
0,95
0,95
0,95
0,95
0,95
0,95
0,95
0,95
0,95
0,95
0,95
0,95
0,95
0,95
0,95
0,95
0,95
0,95
0,95
0,95
0,95
0,95
0,95
0,95
0,95
0,95
0,95
0,95
0,95
0,95
0,95
0,95
0,95
0,95
0,95
0,95
0,95
0,95
0,95
0,95
0,95
0,95
0,95
0,95
0,95
0,95
0,95
0,95
0,95
0,95
0,95
0,95
0,95
0,95
0,95
0,95
0,95
0,95
0,95
0,95
0,95
0,95
0,95
0,95
0,95
0,95
0,95
0,95
0,95
0,95
0,95
0,95
0,95
0,95
0,95
0,95
0,95
0,95
0,95
0,95
0,95
0,95
0,95
0,95
0,95
0,95
0,95
0,95
0,95
0,95
0,95
0,95
0,95
0,95
0,95
0,95
0,95
0,95
0,95
0,95
0,95
0,95
0,95
0,95
0,95
0,95
0,95
0,95
0,95
0,95
0,95
0,95
0,95
0,95
0,95
0,95
0,95
0,95
0,95
0,95
0,95
0,95
0,95
0,95
0,95
0,95
0,95
0,95
0,95
0,95
0,95
0,95
0,95
0,95
0,95
0,95
0,95
0,95
0,95
0,95
0,95
0,95
0,95
0,95
0,95
0,95
0,95
0,95
0,95
0,95
0,95
0,95
0,95
0,95
0,95
0,95
0,95
0,95
0,95
0,95
0,95
0,95
0,95
0,95
0,95
0,95
0,95
0,95
0,95
0,95
0,95
0,95
0,95
0,95
0,95
0,95
0,95
0,95
0,95
0,95
0,95
0,95
0,95
0,95
0,95
0,95
0,95
0,95
0,95
0,95
0,95
0,95
0,95
0,95
0,95
0,95
0,95
0,95
0,95
0,95
0,95
0,95
0,95
0,95
0,95
0,95
0,95
0,95
0,95
0,95
0,95
0,95
0,95
0,95
0,95
0,95
0,95
0,95
0,95
0,95
0,95
0,95
0,95
0,95
0,95
0,95
0,95
0,95
0,95
0,95
0,95
0,95
0,95
0,95
0,95
0,95
0,95
0,95
0,95
0,95
0,95
0,95
0,95
1,95
1,95
2,95
4,95
6,95
8,95
10,95
12,95
14,95
16,95
17,95
17,95
17,95
17,95
17,95
17,95
17,95
17,95
17,95
17,95
17,95
17,95
17,95
17,95
17,95
17,95
17,95
17,95
17,95
17,95
17,95
17,95
17,95
17,95
17,95
17,95
17,95
17,95
17,95
17,95
17,95
17,95
17,95
17,95
17,95
17,95
17,95
17,95
17,95
17,95
17,95
17,95
17,95
17,95
17,95
17,95
17,95
17,95
17,95
17,95
17,95
17,95
17,95
17,95
17,95
17,95
17,95
17,95
17,95
17,95
17,95
17,95
17,95
17,95
18,95
19,95
20,95
22,95
24,95
26,95
28,95
30,95
32,95
34,95
36,95
38,95
40,95
41,95
41,95
41,95
41,95
41,95
41,95
41,95
41,95
41,95
41,95
41,95
41,95
41,95
41,95
41,95
41,95
41,95
41,95
41,95
41,95
41,95
41,95
41,95
42,95
44,95
46,95
48,95
50,95
52,95
54,95
56,95
58,95
60,95
62,95
62,95
62,95
62,95
62,95
62,95
62,95
62,95
62,95
62,95
62,95
62,95
62,95
62,95
62,95
62,95
62,95
62,95
62,95
62,95
62,95
62,95
62,95
62,95
62,95
62,95
62,95
62,95
62,95
62,95
62,95
62,95
62,95
62,95
63,95
64,95
65,95
67,95
67,95
69,95
73,95
75,95
75,95
75,95
75,95
75,95
75,95
75,95
75,95
75,95
75,95
75,95
75,95
75,95
75,95
75,95
75,95
75,95
75,95
75,95
75,95
75,95
75,95
75,95
75,95
75,95
76,95
77,95
78,95
80,95
82,95
84,95
85,95
85,95
85,95
85,95
85,95
85,95
85,95
85,95
85,95
85,95
85,95
85,95
85,95
85,95
85,95
85,95
85,95
85,95
85,95
85,95
85,95
85,95
85,95
85,95
85,95
85,95
85,95
85,95
85,95
85,95
85,95
85,95
85,95
85,95
85,95
85,95
85,95
85,95
85,95
85,95
85,95
85,95
85,95
85,95
85,95
85,95
85,95
85,95
85,95
85,95
85,95
85,95
85,95
85,95
85,95
85,95
85,95
85,95
85,95
85,95
85,95
85,95
85,95
85,95
85,95
85,95
85,95
85,95
85,95
85,95
85,95
85,95
85,95
85,95
85,95
85,95
85,95
85,95
85,95
85,95
85,95
85,95
85,95
85,95
85,95
85,95
85,95
84,95
83,95
82,95
82,95
82,95
82,95
82,95
82,95
82,95
82,95
82,95
82,95
82,95
82,95
82,95
82,95
82,95
82,95
82,95
82,95
82,95
82,95
82,95
82,95
82,95
82,95
82,95
82,95
82,95
82,95
82,95
82,95
82,95
83,95
84,95
86,95
88,95
90,95
92,95
94,95
94,95
94,95
94,95
94,95
94,95
94,95
94,95
94,95
94,95
94,95
94,95
94,95
94,95
94,95
94,95
94,95
94,95
94,95
94,95
94,95
94,95
94,95
94,95
94,95
94,95
94,95
94,95
94,95
94,95
94,95
94,95
94,95
94,95
94,95
94,95
94,95
94,95
94,95
94,95
94,95
93,95
92,95
91,95
90,95
90,95
90,95
90,95
90,95
90,95
90,95
90,95
90,95
90,95
90,95
90,95
90,95
90,95
90,95
90,95
90,95
90,95
90,95
90,95
90,95
90,95
90,95
90,95
90,95
90,95
90,95
90,95
90,95
90,95
90,95
90,95
90,95
90,95
90,95
90,95
90,95
90,95
90,95
90,95
90,95
90,95
90,95
90,95
90,95
90,95
90,95
90,95
90,95
90,95
90,95
90,95
90,95
90,95
90,95
90,95
90,95
90,95
90,95
90,95
90,95
90,95
90,95
90,95
90,95
90,95
90,95
90,95
90,95
90,95
90,95
90,95
90,95
90,95
90,95
90,95
90,95
90,95
90,95
90,95
90,95
90,95
90,95
90,95
90,95
90,95
90,95
90,95
90,95
90,95
90,95
90,95
90,95
90,95
90,95
90,95
90,95
90,95
90,95
90,95
90,95
90,95
89,95
88,95
87,95
86,95
85,95
85,95
85,95
85,95
85,95
85,95
85,95
85,95
85,95
85,95
85,95
85,95
85,95
85,95
85,95
85,95
85,95
85,95
85,95
85,95
85,95
85,95
85,95
84,95
83,95
82,95
81,95
81,95
81,95
81,95
81,95
81,95
81,95
81,95
81,95
81,95
81,95
81,95
81,95
81,95
81,95
81,95
81,95
81,95
81,95
81,95
81,95
81,95
81,95
81,95
81,95
81,95
81,95
81,95
81,95
81,95
81,95
81,95
81,95
81,95
81,95
81,95
81,95
81,95
81,95
81,95
81,95
81,95
81,95
81,95
81,95
81,95
81,95
81,95
81,95
81,95
81,95
81,95
81,95
81,95
81,95
81,95
81,95
81,95
81,95
81,95
81,95
81,95
81,95
81,95
81,95
81,95
81,95
81,95
81,95
81,95
81,95
81,95
81,95
81,95
81,95
81,95
81,95
81,95
81,95
81,95
81,95
81,95
81,95
81,95
81,95
81,95
81,95
81,95
81,95
81,95
81,95
81,95
81,95
81,95
81,95
81,95
81,95
81,95
81,95
81,95
81,95
81,95
81,95
81,95
81,95
81,95
81,95
81,95
81,95
81,95
81,95
81,95
81,95
81,95
81,95
81,95
81,95
81,95
81,95
81,95
81,95
81,95
81,95
81,95
81,95
81,95
81,95
81,95
81,95
81,95
81,95
81,95
81,95
81,95
81,95
79,95
78,95
77,95
76,95
76,95
75,95
75,95
75,95
75,95
75,95
75,95
75,95
75,95
75,95
75,95
75,95
75,95
75,95
75,95
75,95
75,95
75,95
75,95
75,95
75,95
75,95
75,95
75,95
75,95
75,95
75,95
75,95
75,95
75,95
75,95
75,95
75,95
75,95
75,95
75,95
75,95
75,95
75,95
75,95
75,95
75,95
75,95
75,95
75,95
75,95
75,95
74,95
73,95
73,95
73,95
73,95
73,95
73,95
73,95
73,95
73,95
73,95
73,95
73,95
73,95
73,95
73,95
73,95
73,95
73,95
73,95
73,95
73,95
73,95
73,95
73,95
73,95
73,95
73,95
73,95
73,95
73,95
73,95
73,95
73,95
73,95
73,95
73,95
73,95
73,95
73,95
73,95
73,95
73,95
73,95
73,95
73,95
73,95
73,95
73,95
73,95
73,95
73,95
73,95
73,95
73,95
73,95
73,95
73,95
73,95
73,95
73,95
73,95
73,95
73,95
73,95
73,95
73,95
73,95
73,95
73,95
73,95
73,95
73,95
73,95
73,95
73,95
72,95
71,95
70,95
69,95
68,95
67,95
66,95
66,95
66,95
66,95
66,95
66,95
66,95
66,95
66,95
66,95
66,95
66,95
66,95
66,95
66,95
66,95
66,95
66,95
66,95
66,95
66,95
66,95
66,95
66,95
65,95
64,95
62,95
61,95
60,95
59,95
58,95
57,95
57,95
56,95
55,95
54,95
53,95
52,95
50,95
49,95
48,95
48,95
48,95
48,95
48,95
48,95
48,95
48,95
48,95
48,95
48,95
48,95
48,95
48,95
48,95
48,95
47,95
46,95
45,95
44,95
43,95
42,95
41,95
40,95
39,95
38,95
37,95
36,95
36,95
36,95
36,95
36,95
36,95
36,95
36,95
36,95
36,95
36,95
36,95
36,95
36,95
36,95
36,95
36,95
36,95
36,95
36,95
35,95
34,95
33,95
32,95
31,95
30,95
29,95
29,95
29,95
29,95
29,95
29,95
29,95
29,95
29,95
29,95
29,95
29,95
29,95
29,95
29,95
29,95
29,95
29,95
29,95
29,95
29,95
29,95
29,95
29,95
29,95
29,95
29,95
29,95
29,95
29,95
29,95
29,95
29,95
29,95
29,95
29,95
29,95
29,95
29,95
29,95
29,95
29,95
29,95
29,95
29,95
29,95
29,95
29,95
29,95
28,95
27,95
26,95
24,95
22,95
20,95
19,95
18,95
18,95
18,95
18,95
18,95
18,95
18,95
18,95
18,95
18,95
18,95
18,95
18,95
18,95
18,95
18,95
18,95
18,95
18,95
18,95
18,95
18,95
18,95
18,95
18,95
18,95
18,95
18,95
18,95
18,95
18,95
18,95
18,95
18,95
18,95
18,95
18,95
18,95
18,95
18,95
18,95
18,95
18,95
18,95
18,95
18,95
18,95
18,95
18,95
18,95
18,95
18,95
18,95
18,95
18,95
18,95
18,95
18,95
18,95
18,95
18,95
18,95
18,95
18,95
18,95
18,95
18,95
18,95
18,95
18,95
18,95
18,95
18,95
18,95
18,95
18,95
18,95
18,95
18,95
18,95
18,95
18,95
18,95
18,95
18,95
18,95
18,95
18,95
18,95
18,95
18,95
18,95
18,95
18,95
18,95
18,95
18,95
18,95
18,95
18,95
18,95
18,95
18,95
18,95
18,95
18,95
18,95
18,95
18,95
18,95
18,95
18,95
18,95
18,95
18,95
18,95
18,95
18,95
18,95
18,95
18,95
18,95
18,95
18,95
18,95
18,95
18,95
18,95
18,95
18,95
18,95
18,95
18,95
18,95
18,95
18,95
18,95
18,95
18,95
18,95
18,95
18,95
18,95
18,95
18,95
18,95
18,95
18,95
18,95
18,95
18,95
18,95
18,95
18,95
18,95
18,95
18,95
18,95
18,95
18,95
18,95
18,95
18,95
18,95
18,95
18,95
18,95
18,95
18,95
18,95
18,95
18,95
18,95
18,95
18,95
18,95
18,95
18,95
18,95
18,95
18,95
18,95
18,95
18,95
18,95
18,95
18,95
18,95
18,95
18,95
18,95
18,95
18,95
18,95
18,95
18,95
18,95
18,95
18,95
18,95
18,95
18,95
18,95
18,95
18,95
18,95
18,95
18,95
18,95
18,95
18,95
18,95
18,95
18,95
18,95
18,95
18,95
18,95
18,95
18,95
18,95
18,95
18,95
18,95
18,95
18,95
18,95
18,95
18,95
18,95
18,95
18,95
18,95
18,95
18,95
18,95
18,95
18,95
18,95
18,95
18,95
18,95
18,95
18,95
18,95
18,95
18,95
18,95
18,95
18,95
18,95
18,95
18,95
18,95
18,95
18,95
18,95
18,95
18,95
18,95
18,95
18,95
18,95
18,95
18,95
18,95
18,95
18,95
18,95
18,95
18,95
18,95
18,95
18,95
18,95
18,95
18,95
18,95
18,95
18,95
18,95
18,95
18,95
18,95
18,95
18,95
18,95
18,95
18,95
18,95
18,95
18,95
18,95
18,95
18,95
18,95
18,95
18,95
18,95
18,95
18,95
18,95
18,95
18,95
18,95
18,95
18,95
18,95
18,95
18,95
18,95
18,95
18,95
18,95
18,95
18,95
18,95
18,95
18,95
18,95
18,95
18,95
18,95
18,95
18,95
18,95
18,95
18,95
18,95
18,95
18,95
18,95
18,95
18,95
18,95
18,95
18,95
18,95
18,95
18,95
18,95
18,95
18,95
18,95
18,95
18,95
18,95
18,95
18,95
18,95
18,95
18,95
18,95
18,95
18,95
18,95
18,95
18,95
18,95
18,95
18,95
18,95
18,95
18,95
18,95
18,95
18,95
18,95
18,95
18,95
18,95
18,95
18,95
18,95
18,95
18,95
18,95
18,95
18,95
18,95
18,95
18,95
18,95
18,95
18,95
18,95
18,95
18,95
18,95
18,95
18,95
18,95
18,95
18,95
18,95
18,95
18,95
18,95
18,95
18,95
18,95
18,95
18,95
18,95
18,95
18,95
18,95
18,95
18,95
18,95
18,95
18,95
18,95
18,95
18,95
18,95
18,95
18,95
18,95
18,95
18,95
18,95
18,95
18,95
18,95
18,95
18,95
18,95
18,95
18,95
18,95
18,95
18,95
18,95
18,95
18,95
18,95
18,95
18,95
18,95
18,95
18,95
18,95
18,95
18,95
18,95
18,95
18,95
18,95
18,95
18,95
18,95
18,95
18,95
18,95
18,95
18,95
18,95
18,95
18,95
18,95
18,95
18,95
18,95
18,95
18,95
18,95
18,95
18,95
18,95
18,95
18,95
18,95
18,95
18,95
18,95
18,95
18,95
18,95
18,95
18,95
18,95
18,95
18,95
18,95
18,95
18,95
18,95
18,95
18,95
18,95
18,95
18,95
18,95
18,95
18,95
18,95
19,95
20,95
21,95
22,95
23,95
24,95
25,95
26,95
27,95
29,95
29,95
30,95
31,95
32,95
33,95
34,95
35,95
36,95
37,95
38,95
39,95
41,95
41,95
42,95
43,95
44,95
45,95
46,95
48,95
50,95
52,95
54,95
56,95
57,95
57,95
57,95
57,95
57,95
57,95
57,95
57,95
57,95
57,95
57,95
57,95
57,95
57,95
57,95
58,95
59,95
60,95
61,95
62,95
63,95
64,95
65,95
66,95
67,95
68,95
69,95
70,95
71,95
72,95
72,95
72,95
72,95
72,95
72,95
72,95
72,95
72,95
72,95
72,95
72,95
72,95
72,95
72,95
72,95
72,95
72,95
72,95
72,95
72,95
72,95
72,95
72,95
72,95
72,95
72,95
72,95
72,95
72,95
72,95
72,95
72,95
72,95
73,95
75,95
77,95
79,95
81,95
83,95
84,95
84,95
84,95
84,95
84,95
84,95
84,95
84,95
84,95
84,95
84,95
84,95
84,95
84,95
84,95
84,95
84,95
84,95
84,95
84,95
84,95
84,95
84,95
84,95
84,95
84,95
84,95
84,95
84,95
84,95
84,95
84,95
84,95
84,95
84,95
84,95
84,95
84,95
84,95
84,95
84,95
84,95
84,94
84,93
84,92
84,91
84,90
84,90
84,90
84,90
84,90
84,90
84,90
84,90
84,90
84,90
84,90
84,90
84,90
84,90
84,90
84,90
84,90
84,90
84,90
84,90
84,90
84,90
84,90
84,90
84,90
84,90
84,90
84,90
84,90
84,90
84,90
84,90
84,90
84,90
84,90
84,90
84,90
84,90
84,90
84,90
84,90
84,90
84,90
84,90
84,90
84,90
84,90
84,90
84,90
84,90
84,90
84,90
84,90
84,90
84,90
84,90
84,90
84,90
84,90
84,90
84,90
84,89
84,88
84,87
84,85
84,83
84,81
84,79
84,79
84,79
84,79
84,79
84,79
84,79
84,79
84,79
84,79
84,79
84,79
84,79
84,79
84,79
84,79
84,79
84,78
84,77
84,75
84,71
84,70
84,70
84,69
84,69
84,69
84,69
84,69
84,69
84,69
84,69
84,69
84,69
84,69
84,69
84,69
84,69
84,69
84,69
84,69
84,69
84,69
84,69
84,69
84,69
84,69
84,69
84,69
84,68
84,67
84,65
84,63
84,61
84,59
84,57
84,57
84,57
84,57
84,57
84,57
84,57
84,57
84,57
84,57
84,57
84,57
84,57
84,57
84,57
84,57
84,57
84,57
84,57
84,57
84,57
84,57
84,57
84,57
84,57
84,57
84,57
84,57
84,57
84,57
84,57
84,57
84,57
84,57
84,57
84,57
84,57
84,57
84,57
84,57
84,57
84,57
84,57
84,57
84,57
84,57
84,57
84,57
84,57
84,57
84,57
84,57
84,57
84,57
84,57
84,57
84,57
84,57
84,57
84,57
84,57
84,57
84,57
84,57
84,57
84,57
84,57
84,57
84,57
84,57
84,57
84,57
84,57
84,57
84,57
84,57
84,57
84,57
84,57
84,57
84,57
84,57
84,57
84,57
84,57
84,57
84,57
84,57
84,57
84,57
84,57
84,57
84,57
84,57
84,57
84,57
84,57
84,57
84,57
84,57
84,57
84,57
84,57
84,57
84,57
84,57
84,57
84,58
84,58
84,59
84,60
84,62
84,62
84,64
84,65
84,66
84,67
84,67
84,68
84,70
84,70
84,72
84,73
84,74
84,75
84,76
84,77
84,78
84,79
84,79
84,80
84,81
84,83
84,84
84,85
84,85
84,86
84,87
84,89
84,90
84,90
84,91
84,92
84,93
84,94
84,95
84,96
84,97
84,98
84,98
84,98
84,98
84,98
84,98
84,98
84,98
84,98
84,98
84,98
84,98
84,98
84,98
84,98
84,98
84,98
84,98
84,98
84,98
84,98
84,98
84,98
84,98
84,98
84,98
84,98
84,98
84,98
84,98
84,98
84,98
84,98
84,98
84,98
84,98
84,98
84,98
84,98
84,98
84,98
84,98
84,98
84,98
84,98
84,98
84,98
84,98
84,98
84,98
84,98
84,98
84,98
84,98
84,98
84,98
84,98
84,98
84,98
84,98
84,98
84,98
84,98
84,98
84,98
84,98
84,98
84,98
84,98
84,98
84,98
84,98
84,98
84,98
84,98
84,98
84,98
84,98
84,98
84,98
84,98
84,98
84,98
84,98
84,98
84,98
84,98
84,98
84,98
84,98
84,98
84,98
84,98
83,98
81,98
79,98
77,98
75,98
73,98
71,98
70,98
70,98
70,98
70,98
70,98
70,98
70,98
70,98
70,98
70,98
70,98
70,98
70,98
70,98
70,98
70,98
70,98
70,98
70,98
70,98
70,98
70,98
70,98
70,98
70,98
70,98
70,98
70,98
70,98
70,98
70,98
70,98
70,98
70,98
70,98
70,98
70,98
70,98
70,98
70,98
70,98
70,98
70,98
70,98
70,98
70,98
70,98
70,98
71,98
72,98
73,98
75,98
77,98
79,98
81,98
83,98
85,98
87,98
88,98
89,98
89,98
89,98
89,98
89,98
89,98
89,98
89,98
89,98
89,98
89,98
89,98
89,98
89,98
89,98
89,98
89,98
89,98
89,98
89,98
89,98
89,98
89,98
89,98
89,98
89,98
89,98
89,98
89,98
89,98
89,98
89,98
89,98
89,98
89,98
89,98
89,98
89,98
89,98
89,98
89,98
89,98
89,98
89,98
89,98
89,98
89,98
89,98
89,98
89,98
89,98
89,98
89,98
89,98
89,98
89,98
89,98
89,98
89,98
89,98
89,98
89,98
89,98
89,98
89,98
89,98
89,98
89,98
89,98
89,98
89,98
89,98
89,98
89,98
89,98
89,98
89,98
89,98
89,98
89,98
89,98
89,98
89,98
89,98
89,98
89,98
89,98
89,98
89,98
89,98
89,98
89,98
89,98
89,98
89,98
89,98
89,98
89,98
89,98
89,98
89,98
89,98
89,98
89,98
89,98
89,98
89,98
89,98
89,98
89,98
89,98
89,98
89,98
89,98
89,98
89,98
89,98
89,98
89,98
89,98
89,98
89,98
89,98
89,98
89,98
89,98
89,98
89,98
89,98
89,98
89,98
89,98
89,98
89,98
89,98
89,98
89,98
89,98
89,98
89,98
89,98
89,98
89,98
89,98
89,98
89,98
89,98
89,98
89,98
89,98
89,98
89,98
89,98
89,98
89,98
89,98
89,98
89,98
89,98
89,98
89,98
89,98
89,98
89,98
89,98
89,98
89,98
89,98
89,98
89,98
89,98
89,98
89,98
89,98
89,98
89,98
89,98
89,98
89,98
89,98
89,98
89,98
89,98
89,98
89,98
89,98
89,98
89,98
89,98
89,98
89,98
89,98
89,98
89,98
89,98
89,98
88,98
87,98
86,98
85,98
84,98
83,98
83,98
83,98
83,98
83,98
83,98
83,98
83,98
83,98
83,98
83,98
83,98
83,98
83,98
83,98
83,98
83,98
83,98
83,98
83,98
83,98
83,98
83,98
83,98
83,98
83,98
83,98
83,98
83,98
83,98
83,98
83,98
83,98
83,98
83,98
83,98
83,98
83,98
83,98
83,98
83,98
83,98
83,98
83,98
83,98
83,98
83,98
83,98
83,98
83,98
83,98
83,98
83,98
83,98
83,98
83,98
83,98
83,98
83,98
83,98
83,98
83,98
83,98
83,98
83,98
83,98
83,98
83,98
83,98
83,98
83,98
83,98
82,98
81,98
80,98
79,98
78,98
77,98
76,98
75,98
74,98
73,98
72,98
71,98
70,98
69,98
68,98
67,98
66,98
65,98
64,98
63,98
62,98
62,98
60,98
60,98
58,98
58,98
57,98
56,98
55,98
54,98
53,98
52,98
51,98
50,98
49,98
48,98
46,98
45,98
45,98
43,98
42,98
41,98
40,98
40,98
39,98
38,98
37,98
36,98
35,98
34,98
33,98
32,98
31,98
30,98
29,98
28,98
27,98
26,98
25,98
24,98
23,98
22,98
22,98
22,98
22,98
22,98
22,98
22,98
22,98
22,98
22,98
22,98
22,98
22,98
22,98
22,98
22,98
22,98
22,98
22,98
22,98
22,98
22,98
22,98
22,98
22,98
22,98
22,98
22,98
22,98
22,98
22,98
22,98
22,98
22,98
22,98
22,98
22,98
22,98
22,98
22,98
22,98
22,98
22,98
22,98
22,98
22,98
22,98
22,98
22,98
22,98
22,98
22,98
22,98
22,98
22,98
22,98
22,98
22,98
22,98
22,98
22,98
22,98
22,98
22,98
22,98
22,98
22,98
22,98
22,98
22,98
22,98
22,98
22,98
22,98
22,98
22,98
22,98
22,98
22,98
22,98
22,98
22,98
22,98
22,98
22,98
22,98
22,98
22,98
22,98
22,98
22,98
22,98
22,98
22,98
22,98
22,98
22,98
22,98
22,98
22,98
22,98
22,98
22,98
22,98
22,98
22,98
22,98
22,98
22,98
22,98
22,98
22,98
22,98
22,98
22,98
22,98
22,98
22,98
22,98
22,98
22,98
22,98
22,98
22,98
22,98
22,98
22,98
22,98
22,98
22,98
22,98
22,98
22,98
22,98
22,98
22,98
22,98
22,98
22,98
22,98
22,98
22,98
22,98
22,98
22,98
22,98
22,98
22,98
22,98
22,98
22,98
22,98
22,98
22,98
22,98
22,98
22,98
23,98
24,98
25,98
26,98
26,98
27,98
28,98
29,98
30,98
32,98
33,98
34,98
34,98
35,98
36,98
37,98
38,98
39,98
41,98
42,98
43,98
43,98
44,98
45,98
46,98
47,98
48,98
50,98
50,98
51,98
53,98
53,98
55,98
56,98
56,98
57,98
58,98
59,98
60,98
61,98
62,98
63,98
64,98
65,98
67,98
68,98
68,98
70,98
70,98
71,98
72,98
73,98
74,98
75,98
76,98
77,98
78,98
78,98
78,98
78,98
78,98
78,98
78,98
78,98
78,98
78,98
78,98
78,98
78,98
78,98
78,98
78,98
78,98
78,98
78,98
78,98
78,98
78,98
78,98
78,98
78,98
78,98
78,98
78,98
78,98
78,98
77,98
76,98
75,98
73,98
71,98
69,98
67,98
63,98
63,98
61,98
59,98
55,98
53,98
53,98
51,98
49,98
47,98
45,98
45,98
44,98
44,98
44,98
44,98
44,98
44,98
44,98
44,98
44,98
44,98
44,98
44,98
44,98
44,98
44,98
44,98
44,98
44,98
44,98
44,98
44,98
44,98
44,98
44,98
44,98
44,98
44,98
44,98
44,98
44,98
44,98
44,98
44,98
44,98
44,98
44,98
44,98
44,98
44,98
44,98
44,98
44,98
44,98
44,98
44,98
44,98
44,98
44,98
44,98
44,98
44,98
44,98
44,98
44,98
44,98
44,98
44,98
44,98
44,98
44,98
44,98
44,98
44,98
44,98
44,98
44,98
44,98
44,98
44,98
44,98
44,98
44,98
44,98
44,98
44,98
44,98
44,98
44,98
44,98
44,98
44,98
44,98
44,98
44,98
44,98
44,98
44,98
44,98
44,98
44,98
44,98
44,98
44,98
44,98
44,98
44,98
44,98
44,98
44,98
44,98
44,98
44,98
44,98
44,98
44,98
44,98
44,98
44,98
44,98
44,98
44,98
44,98
44,98
44,98
44,98
44,98
44,98
44,98
44,98
44,98
44,98
44,98
44,98
44,98
44,98
44,98
44,98
44,98
44,98
44,98
44,98
44,98
44,98
44,98
44,98
44,98
44,98
44,98
44,98
44,98
44,98
44,98
44,98
44,98
44,98
44,98
44,98
44,98
44,98
44,98
44,98
44,98
44,98
44,98
44,98
44,98
44,98
44,98
44,98
44,98
44,98
44,98
44,98
44,98
44,98
44,98
44,98
44,98
44,98
44,98
44,98
44,98
44,98
44,98
44,98
44,98
44,98
44,98
44,98
44,98
44,98
44,98
44,98
44,98
44,98
44,98
44,98
44,98
44,98
44,98
44,98
44,98
44,98
44,98
44,98
44,98
44,98
44,98
44,98
44,98
44,98
44,98
44,98
44,98
44,98
44,98
44,98
44,98
44,98
44,98
44,98
44,98
44,98
44,98
44,98
44,98
44,98
44,98
44,98
44,98
44,98
44,98
44,98
44,98
44,98
44,98
44,98
44,98
44,98
44,98
44,98
44,98
44,98
44,98
44,98
44,98
44,98
44,98
44,98
44,98
44,98
44,98
44,98
44,98
44,98
44,98
44,98
44,98
44,98
44,98
44,98
44,98
44,98
44,98
44,98
44,98
44,98
44,98
44,98
44,98
44,98
44,98
44,98
44,98
44,98
44,98
44,98
44,98
44,98
44,98
44,98
44,98
44,98
44,98
44,98
44,98
44,98
44,98
44,98
44,98
44,98
44,98
44,98
44,98
44,98
44,98
44,98
44,98
44,98
44,98
44,98
44,98
44,98
44,98
44,98
44,98
44,98
44,98
44,98
44,98
44,98
44,98
44,98
44,98
44,98
44,98
44,98
44,98
44,98
44,98
44,98
44,98
44,98
44,98
44,98
44,98
44,98
44,98
44,98
44,98
44,98
44,98
44,98
44,98
44,98
44,98
44,98
44,98
44,98
44,98
44,98
44,98
44,98
44,98
44,98
44,98
44,98
44,98
44,98
44,98
44,98
44,98
44,98
44,98
44,98
44,98
44,98
44,98
44,98
44,98
44,98
44,98
44,98
44,98
44,98
44,98
44,98
44,98
44,98
44,98
44,98
44,98
44,98
44,98
44,98
44,98
45,98
45,98
47,98
48,98
49,98
50,98
50,98
50,98
50,98
50,98
50,98
50,98
50,98
50,98
50,98
50,98
50,98
50,98
50,98
50,98
50,98
50,98
50,98
50,98
50,98
50,98
50,98
50,98
50,98
50,98
50,98
50,98
50,98
50,98
50,98
50,98
50,98
50,98
50,98
50,98
50,98
50,98
50,98
50,98
50,98
50,98
50,98
50,98
50,98
50,98
50,98
50,98
50,98
50,98
50,98
50,98
50,98
50,98
50,98
50,98
50,98
50,98
50,98
50,98
50,98
50,98
50,98
50,98
50,98
50,98
50,98
50,98
50,98
50,98
50,98
50,98
50,98
50,98
50,98
50,98
50,98
50,98
50,98
50,98
50,98
50,98
50,98
50,98
50,98
50,98
50,98
50,98
50,98
50,98
50,98
50,98
50,98
50,98
50,98
50,98
50,98
50,98
50,98
50,98
50,98
50,98
50,98
50,98
50,98
50,98
50,98
50,98
50,98
50,98
50,98
50,98
50,98
50,98
50,98
50,98
50,98
50,98
50,98
50,98
50,98
50,98
50,98
50,98
50,98
50,98
50,98
50,98
50,98
50,98
50,98
50,98
50,98
50,98
50,98
50,98
50,98
50,98
50,98
50,98
50,98
50,98
50,98
50,98
50,98
50,98
50,98
50,98
50,98
50,98
50,98
50,98
50,98
50,98
50,98
50,98
50,98
50,98
50,98
50,98
50,98
50,98
50,98
50,98
50,98
50,98
50,98
50,98
50,98
50,98
50,98
50,98
50,98
50,98
50,98
50,98
50,98
50,98
50,98
50,98
50,98
50,98
50,98
50,98
50,98
50,98
50,98
50,98
50,98
50,98
50,98
50,98
50,98
50,98
50,98
50,98
50,98
50,98
50,98
50,98
50,98
50,98
50,98
50,98
50,98
50,98
50,98
50,98
50,98
50,98
50,98
50,98
50,98
50,98
50,98
50,98
50,98
50,98
50,98
50,98
50,98
50,98
50,98
50,98
50,98
50,98
50,98
50,98
50,98
50,98
50,98
50,98
50,98
50,98
50,98
50,98
50,98
50,98
50,98
50,98
50,98
50,98
50,98
50,98
50,98
50,98
50,98
50,98
50,98
50,98
50,98
50,98
50,98
50,98
50,98
50,98
50,98
50,98
50,98
50,98
50,98
50,98
50,98
50,98
50,98
50,98
50,98
50,98
50,98
50,98
50,98
50,98
50,98
50,98
50,98
50,98
50,98
50,98
50,98
50,98
50,98
50,98
50,98
50,98
50,98
50,98
50,98
50,98
50,98
50,98
50,98
50,98
50,98
50,98
50,98
50,98
50,98
50,98
50,98
50,98
50,98
50,98
50,98
50,98
50,98
50,98
50,98
50,98
50,98
50,98
50,98
50,98
50,98
50,98
50,98
50,98
50,98
50,98
50,98
50,98
50,98
50,98
50,98
50,98
50,98
50,98
50,98
50,98
50,98
50,98
50,98
50,98
50,98
50,98
50,98
50,98
50,98
50,98
50,98
50,98
50,98
50,98
50,98
50,98
50,98
50,98
50,98
50,98
50,98
50,98
50,98
50,98
50,98
50,98
50,98
50,98
50,98
50,98
50,98
50,98
50,98
50,98
50,98
50,98
50,98
50,98
50,98
50,98
50,98
50,98
50,98
50,98
50,98
50,98
50,98
50,98
50,98
50,98
50,98
50,98
50,98
50,98
50,98
50,98
50,98
50,98
50,98
50,98
50,98
50,98
50,98
50,98
50,98
50,98
50,98
50,98
50,98
50,98
50,98
50,98
50,98
50,98
50,98
50,98
50,98
50,98
50,98
50,98
50,98
50,98
50,98
50,98
50,98
50,98
50,98
50,98
50,98
50,98
50,98
50,98
50,98
50,98
50,98
50,98
50,98
50,98
50,98
50,98
50,98
50,98
50,98
50,98
50,98
50,98
50,98
50,98
50,98
50,98
50,98
50,98
50,98
50,98
50,98
50,98
50,98
50,98
50,98
