Arousal,Valence
50,50
50,50
50,50
50,50
50,50
50,50
50,50
50,50
50,50
50,50
50,50
50,50
50,50
50,50
50,50
50,50
50,50
50,50
50,50
50,50
50,50
50,50
50,50
50,50
50,50
50,50
50,50
50,50
50,50
50,50
50,50
50,50
50,50
50,50
50,50
50,50
50,50
51,50
52,50
53,50
55,50
57,50
59,50
61,50
63,50
65,50
67,50
68,50
69,50
69,50
69,50
69,50
69,50
69,50
69,50
69,50
69,50
69,50
69,50
69,50
69,50
69,50
69,50
69,50
69,50
69,50
69,50
69,50
69,50
69,50
69,50
69,50
69,50
69,50
69,50
69,50
69,50
69,50
69,50
69,50
69,50
69,50
69,50
69,50
69,50
69,50
69,50
69,50
69,50
69,50
69,50
69,50
69,50
69,50
69,50
69,50
69,50
69,50
69,50
69,50
69,50
69,50
69,50
69,50
69,50
69,50
69,50
69,50
69,50
69,50
69,50
69,50
69,50
69,50
69,50
69,50
69,50
69,50
69,50
69,50
69,50
69,50
69,51
69,52
69,53
69,54
69,55
69,55
69,55
69,55
69,55
69,55
69,55
69,55
69,55
69,55
69,55
69,55
69,55
69,55
69,55
69,55
69,55
69,55
69,55
69,55
69,55
69,55
69,55
69,55
69,55
69,55
69,55
69,55
69,55
69,55
69,55
69,55
69,55
69,55
69,55
69,55
69,55
69,55
69,55
69,55
69,55
69,55
69,55
69,55
69,55
69,55
69,55
69,55
69,55
69,55
69,55
69,55
69,55
69,55
69,55
69,55
69,55
69,55
69,55
69,55
69,55
69,55
69,55
69,55
69,55
69,55
69,55
69,55
69,55
69,55
69,55
69,55
69,55
69,55
69,55
70,55
71,55
72,55
74,55
75,55
76,55
77,55
78,55
78,55
78,55
78,55
78,55
78,55
78,55
78,55
78,55
78,55
78,55
78,55
78,55
78,55
78,55
78,55
78,55
78,55
78,55
78,55
78,55
78,55
78,55
78,55
78,55
78,55
78,55
78,55
78,55
78,55
78,55
78,55
78,55
78,55
78,55
78,55
78,55
78,55
78,55
78,55
78,55
78,55
78,55
78,55
78,55
78,55
78,55
78,55
78,55
78,55
78,55
78,55
78,55
78,55
78,55
78,55
78,55
78,55
78,55
78,55
78,55
78,55
78,55
78,55
78,55
78,55
78,55
78,55
78,55
78,55
78,55
78,55
78,55
78,55
78,55
78,55
78,55
78,55
78,55
78,55
78,55
78,55
78,55
78,55
78,55
78,55
78,55
78,55
78,55
78,55
78,55
78,55
78,55
78,55
78,55
78,55
78,55
78,55
78,55
78,55
78,55
78,55
78,55
78,55
78,55
78,55
78,55
78,55
78,55
78,55
78,55
78,55
78,55
78,55
78,55
78,55
78,55
78,55
78,55
78,55
78,55
78,55
78,55
78,55
78,55
78,55
78,55
78,55
78,55
78,55
78,55
78,55
78,55
78,55
78,55
78,55
78,55
78,55
78,55
78,55
78,55
78,55
78,55
78,55
78,55
78,55
78,55
78,55
78,55
78,55
78,55
78,55
78,55
78,55
78,55
78,55
78,55
78,55
78,55
78,55
78,55
78,55
78,55
78,55
78,55
78,55
78,55
78,55
78,55
78,55
78,55
78,55
78,55
78,55
78,55
78,55
78,55
78,55
78,55
78,55
78,55
78,55
78,55
78,55
78,55
78,55
78,55
78,55
78,55
78,55
78,55
78,55
78,55
78,55
78,55
78,55
78,55
78,55
78,55
78,55
78,55
78,55
78,55
78,55
78,55
78,55
78,55
78,55
78,55
78,55
78,55
78,55
78,55
78,55
78,55
78,55
78,55
78,55
78,55
78,55
78,55
78,55
78,55
78,55
78,55
78,55
78,55
78,55
78,55
78,55
78,55
78,55
78,55
78,55
78,55
78,55
78,55
78,55
78,55
78,55
78,55
78,55
78,55
78,55
78,55
78,55
78,55
78,55
78,55
78,55
78,55
78,55
78,55
78,55
78,55
78,55
78,55
78,55
78,55
78,55
78,55
78,55
78,55
78,55
78,55
78,55
78,55
78,55
78,55
78,55
78,55
78,55
78,55
78,55
78,55
78,55
78,55
78,55
78,55
78,55
78,55
78,55
78,55
78,55
78,55
78,55
78,55
78,55
78,55
78,55
78,55
78,55
78,55
78,55
78,55
78,55
78,55
78,56
78,57
78,58
78,59
78,61
78,61
78,61
78,61
78,61
78,61
78,61
78,61
78,61
78,61
78,61
78,61
78,61
78,61
78,61
78,61
78,61
78,61
78,61
78,61
78,61
78,61
78,61
78,61
78,61
78,61
78,61
78,61
78,61
78,61
78,61
78,61
78,61
78,61
78,61
78,61
78,61
78,61
78,61
78,61
78,61
78,61
77,61
76,61
75,61
74,61
73,61
72,61
71,61
70,61
69,61
69,61
69,61
69,61
69,61
69,61
69,61
69,61
69,61
69,61
69,61
69,61
69,61
69,61
69,61
69,61
69,61
69,61
69,61
69,61
69,61
69,61
69,61
69,61
69,61
69,61
69,61
69,61
69,61
69,61
69,61
69,61
69,61
69,61
69,61
69,61
69,61
69,61
69,61
69,61
69,61
69,61
69,61
69,61
69,61
69,61
69,61
69,61
69,61
69,61
69,61
69,61
69,61
69,61
69,61
69,61
69,61
69,61
69,61
69,61
69,61
69,61
69,61
69,61
69,61
69,61
69,61
69,61
69,61
69,61
69,61
69,61
69,61
69,61
69,61
69,61
69,61
69,61
69,61
69,61
69,61
69,61
69,61
69,61
69,61
69,61
69,61
69,61
69,61
69,61
69,61
69,61
70,61
71,61
72,61
73,61
74,61
74,61
74,61
74,61
74,61
74,61
74,61
74,61
74,61
74,61
75,61
76,61
77,61
78,61
79,61
79,61
79,61
79,61
79,61
79,61
79,61
79,61
79,61
79,61
79,61
79,61
79,61
79,61
79,61
79,61
79,61
79,61
79,61
79,61
79,61
79,61
79,61
79,61
79,61
79,61
79,61
79,61
79,61
79,61
79,61
79,61
79,61
79,61
79,61
79,61
79,61
79,61
79,61
79,61
79,61
79,61
79,61
79,61
79,61
79,61
79,61
79,61
79,61
79,61
79,61
79,61
79,61
79,61
79,61
79,61
79,61
79,61
79,61
79,61
79,61
79,61
79,61
79,61
79,61
79,61
79,61
79,61
79,61
79,61
79,61
79,61
79,61
79,61
79,61
79,61
79,61
79,61
79,61
79,61
79,61
79,61
79,61
79,61
79,61
79,61
79,61
79,61
79,61
79,61
79,61
79,61
79,61
79,61
79,61
79,61
79,61
79,61
79,61
79,61
79,61
79,61
79,61
79,61
79,61
79,61
79,61
79,61
79,61
79,61
79,62
79,63
79,64
79,65
79,66
79,67
79,67
79,67
79,67
79,67
79,67
79,67
79,67
79,67
79,67
79,67
79,67
79,67
79,67
79,67
79,67
79,67
79,67
79,67
79,67
79,67
79,67
79,67
79,67
79,67
79,67
79,67
79,68
79,69
79,70
79,71
79,72
79,73
79,74
79,75
79,76
79,76
79,76
79,76
79,76
79,76
79,76
79,76
79,76
79,76
79,76
79,76
79,76
79,76
79,76
79,76
79,76
79,76
79,76
79,76
79,76
79,76
79,76
79,76
79,76
79,76
79,76
79,76
79,76
79,76
79,76
79,76
79,76
79,76
79,76
79,76
79,76
79,76
79,76
79,76
79,76
79,76
79,76
79,76
79,76
79,76
79,76
79,76
79,76
79,76
79,76
79,76
79,76
79,76
79,76
79,76
79,76
79,76
79,76
79,76
79,76
79,76
79,76
79,76
79,76
79,76
79,76
79,76
79,76
79,76
79,76
79,76
79,76
79,76
79,76
79,76
79,76
79,76
79,76
79,76
79,76
79,76
79,76
79,76
79,76
79,76
79,76
79,76
79,76
79,76
79,76
79,76
79,76
79,76
79,76
79,76
79,76
79,76
79,76
79,76
79,76
79,76
79,76
79,76
79,76
79,76
79,76
79,76
79,76
79,76
79,76
79,76
79,76
79,76
79,76
79,76
79,76
79,76
79,76
79,76
79,76
79,76
79,76
79,76
79,76
79,76
79,76
79,76
79,76
79,76
79,76
79,76
79,76
79,76
79,76
79,76
79,76
79,76
79,76
79,76
79,76
79,76
79,76
79,76
79,76
79,76
79,76
79,76
79,76
79,76
79,76
79,76
79,76
79,76
79,76
79,76
79,76
79,76
79,76
79,76
79,76
79,76
79,76
79,76
79,76
79,76
79,76
79,76
79,76
79,76
79,76
79,76
79,76
79,76
79,76
79,76
79,76
79,76
79,76
79,76
79,76
79,76
79,76
79,76
79,76
79,76
79,76
79,76
79,76
79,76
79,76
79,76
79,76
79,76
79,76
79,76
79,76
79,76
79,76
79,76
79,76
79,76
79,76
79,76
79,76
79,76
79,76
79,76
79,76
79,76
79,76
79,76
79,76
79,76
79,76
79,76
79,76
79,76
79,76
79,76
79,76
79,76
79,76
79,76
79,76
79,76
79,76
79,76
79,76
79,76
79,76
79,76
79,76
79,76
79,76
79,76
79,76
79,76
79,76
79,76
79,76
79,76
79,76
79,76
79,76
79,76
79,76
79,76
79,76
79,76
79,76
79,76
79,76
79,76
79,76
79,76
79,76
79,76
79,76
79,76
79,76
79,76
79,76
79,76
79,76
79,76
79,76
79,76
79,76
79,76
79,76
79,76
79,76
79,76
79,76
79,76
79,76
79,76
79,76
79,76
79,76
79,76
79,76
79,76
79,76
79,76
79,76
79,76
79,76
79,76
79,76
79,76
79,76
79,76
79,76
79,76
79,76
79,76
79,76
79,76
79,76
79,76
79,76
79,76
79,76
79,76
79,76
79,76
79,76
79,76
79,76
79,76
79,76
79,76
79,76
79,76
79,76
79,76
79,76
79,76
79,76
79,76
79,76
79,76
79,76
79,76
79,76
79,76
79,76
79,76
79,76
79,76
79,76
79,76
79,76
79,76
79,76
79,76
79,76
79,76
79,76
79,76
79,76
79,76
79,76
79,76
79,76
79,76
79,76
79,76
79,76
79,76
79,76
79,76
79,76
79,76
79,76
79,76
79,76
79,76
79,76
79,76
79,76
79,76
79,76
79,76
79,76
79,76
79,76
79,76
79,76
79,76
79,76
79,76
79,76
79,76
79,76
79,76
79,76
79,76
79,76
79,76
79,76
79,76
79,76
79,76
79,76
79,76
79,76
79,76
79,76
79,76
79,76
79,76
79,76
79,76
79,76
79,76
79,76
79,76
79,76
79,76
79,76
79,76
79,76
79,76
79,76
79,76
79,76
79,76
79,76
79,76
79,76
79,76
79,76
79,76
79,76
79,76
79,76
79,76
79,76
79,76
79,76
79,76
79,76
79,76
79,76
79,76
79,76
79,76
79,76
79,76
79,76
79,76
79,76
79,76
79,76
79,76
79,76
79,76
79,76
79,76
79,76
79,76
79,76
79,76
79,76
79,76
79,76
79,76
79,76
79,76
79,76
79,76
79,76
79,76
79,76
79,76
79,76
79,76
79,76
79,76
79,76
79,76
79,76
79,76
79,76
79,76
79,76
80,76
81,76
82,76
83,76
84,76
85,76
86,76
86,76
87,76
87,76
87,76
87,76
87,76
87,76
87,76
87,76
87,76
87,76
87,76
87,76
87,76
88,76
89,76
91,76
93,76
95,76
97,76
99,76
100,76
100,76
100,76
100,76
100,76
100,76
100,76
100,76
100,76
100,76
100,76
100,76
100,76
100,76
100,76
100,76
100,76
100,76
100,76
100,76
100,76
100,76
100,76
100,76
100,76
100,76
100,76
100,76
100,76
100,76
100,76
100,76
100,76
100,76
100,76
100,76
100,76
100,76
100,76
100,76
100,76
100,76
100,76
100,76
100,76
100,76
100,76
100,76
100,76
100,76
100,76
100,76
100,76
100,76
100,76
100,76
100,76
100,76
100,76
100,76
100,76
100,76
99,76
98,76
97,76
96,76
96,76
96,76
96,76
96,76
96,76
96,76
96,76
96,76
96,76
96,76
96,76
96,76
96,76
96,76
96,76
96,76
96,76
96,76
96,76
96,76
96,76
96,76
96,76
95,76
94,76
93,76
93,76
92,76
92,76
92,76
92,76
92,76
92,76
92,76
92,76
92,76
92,76
92,76
92,76
92,76
92,76
92,76
92,76
92,76
92,76
92,76
92,76
92,76
92,76
92,76
92,76
92,76
92,76
92,76
92,76
92,76
92,76
92,76
92,76
92,76
92,76
92,76
92,76
92,76
92,76
92,76
92,76
92,76
92,76
92,76
92,76
92,76
92,76
92,76
92,76
92,76
92,76
92,76
92,76
92,76
92,76
92,76
92,76
92,76
92,76
92,76
92,76
92,76
92,76
92,76
92,76
92,76
92,76
92,76
92,76
92,76
92,76
92,76
92,76
92,76
92,76
92,76
92,76
92,76
92,76
92,76
92,76
92,76
92,76
92,76
92,76
92,76
92,76
92,76
92,76
92,76
92,76
92,76
92,76
92,76
92,76
92,76
92,76
92,76
92,76
92,76
92,76
92,76
92,76
92,76
92,76
92,76
92,76
92,76
92,76
92,76
92,76
92,76
92,76
92,76
92,76
92,76
92,76
92,76
92,76
92,76
92,76
92,76
92,76
92,76
92,76
92,76
92,76
92,76
92,76
92,76
92,76
92,76
92,76
92,76
92,76
92,76
92,76
91,76
90,76
89,76
88,76
87,76
86,76
86,76
86,76
86,76
86,76
86,76
86,76
86,76
86,76
86,76
86,76
86,76
86,76
86,76
86,76
86,76
86,76
86,76
86,76
86,76
86,76
86,76
86,76
86,76
86,76
86,76
86,76
86,76
86,76
86,76
86,76
86,76
86,76
86,76
86,76
86,76
86,76
86,76
86,76
86,76
86,76
86,76
86,76
86,76
86,76
86,76
86,76
86,76
86,76
86,76
86,76
86,76
86,76
86,76
86,76
86,76
86,76
86,76
86,76
86,76
86,76
86,76
86,76
86,76
86,76
86,76
86,76
86,76
86,76
86,76
86,76
86,76
86,76
86,76
86,76
86,76
86,76
86,76
86,76
86,76
86,76
86,76
86,76
86,76
86,76
86,76
86,76
86,76
86,76
86,76
86,76
86,76
86,76
86,76
86,76
86,76
86,76
86,76
86,76
86,76
86,76
86,76
86,76
86,76
86,76
86,76
86,76
86,76
86,76
86,76
86,76
86,76
86,76
86,76
86,76
86,76
86,76
86,76
86,76
86,76
86,76
86,76
86,76
86,76
86,76
86,76
86,76
86,76
86,76
86,76
86,76
86,76
86,76
86,76
86,76
86,76
86,76
86,76
86,76
86,76
86,76
86,76
86,76
86,76
86,76
86,76
86,76
86,76
86,76
86,76
86,76
86,76
86,76
86,76
86,76
86,76
86,76
86,76
86,76
86,76
86,76
86,76
86,76
86,76
86,76
86,76
86,76
86,76
86,76
86,76
86,76
86,76
86,76
86,76
86,76
86,76
86,76
86,76
86,76
86,76
86,76
86,76
86,76
86,76
86,76
86,76
86,76
86,76
86,76
86,76
86,76
86,76
86,76
86,76
86,76
86,76
86,76
86,76
86,76
86,76
86,76
86,76
86,76
86,76
86,76
86,76
86,76
86,76
86,76
86,76
86,76
86,76
86,76
86,76
86,76
86,76
86,76
86,76
86,76
86,76
86,76
86,76
86,76
86,76
86,76
86,76
86,76
86,76
86,76
86,76
86,76
86,76
86,76
86,76
86,76
86,76
86,76
86,76
86,76
86,76
86,76
86,76
86,76
86,76
86,76
86,76
86,76
86,76
86,76
86,76
86,76
86,76
86,76
86,76
86,76
86,76
85,76
84,76
83,76
82,76
81,76
80,76
79,76
79,76
79,76
79,76
79,76
79,76
79,76
79,76
79,76
79,76
79,76
79,76
79,76
79,76
79,76
79,76
79,76
79,76
79,76
79,76
79,76
79,76
79,76
79,76
79,76
79,76
78,76
77,76
76,76
75,76
74,76
73,76
72,76
72,76
72,76
72,76
72,76
72,76
72,76
72,76
72,76
72,76
72,76
72,76
72,76
72,76
72,76
72,76
71,76
70,76
69,76
68,76
67,76
66,76
65,76
64,76
63,76
63,76
63,76
63,76
63,76
63,76
63,76
63,76
63,76
63,76
63,76
63,76
63,76
63,76
63,76
63,76
63,76
63,76
63,76
63,76
63,76
63,76
63,76
63,76
63,76
63,76
63,76
63,76
63,76
63,76
63,76
63,76
63,76
63,76
63,76
63,76
63,76
63,76
63,76
63,76
63,76
63,76
63,76
63,76
63,76
63,76
63,76
63,76
63,76
63,76
63,76
63,76
63,76
63,76
63,76
63,76
63,76
63,76
63,76
63,76
63,76
63,76
63,76
63,76
63,76
63,76
63,76
63,76
63,76
63,76
63,76
63,76
63,76
63,76
63,76
63,76
63,76
63,76
63,76
63,76
63,76
63,76
63,76
63,76
63,76
63,76
63,76
63,76
63,76
63,76
63,76
63,76
63,76
63,76
63,76
63,76
63,76
63,76
63,76
63,76
63,76
63,76
63,76
63,76
63,76
63,76
63,76
63,76
63,76
63,76
63,76
63,76
63,76
63,76
63,76
63,76
63,76
63,76
63,76
63,76
63,76
63,76
63,76
63,76
63,76
63,76
63,76
63,76
63,76
63,76
63,76
63,76
63,76
63,76
63,76
63,76
63,76
63,76
63,76
63,76
63,76
63,76
63,76
63,76
63,76
63,76
63,76
63,76
63,76
63,76
63,76
63,76
63,76
63,76
63,76
63,76
63,76
63,76
63,76
63,76
63,76
63,76
63,76
63,76
63,76
63,76
63,76
63,76
63,76
63,76
63,76
63,76
63,76
63,76
63,76
63,76
63,76
63,76
63,76
63,76
63,76
63,76
63,76
63,76
63,76
63,76
63,76
63,76
63,76
63,76
63,76
63,76
63,76
63,76
63,76
63,76
63,76
63,76
63,76
63,76
63,76
63,76
63,76
63,76
63,76
63,76
63,76
63,76
63,76
63,76
63,76
63,76
63,76
63,76
63,76
63,76
63,76
64,76
65,76
66,76
67,76
68,76
69,76
70,76
70,76
70,76
70,76
70,76
70,76
70,76
70,76
70,76
70,76
70,76
70,76
70,76
70,76
70,76
70,76
70,76
70,76
70,76
70,76
70,76
70,76
70,76
70,76
70,76
70,76
70,76
70,76
70,76
70,76
70,76
70,76
70,76
70,76
70,76
70,76
70,76
70,76
70,76
70,76
70,76
70,76
70,76
70,76
70,76
70,76
70,76
70,76
70,76
70,76
70,76
70,76
70,76
70,76
70,76
70,76
70,76
70,76
70,76
70,76
70,76
70,76
70,76
70,76
70,76
70,76
70,76
70,76
70,76
70,76
70,76
70,76
70,76
70,76
70,76
70,76
70,76
70,76
70,76
70,76
70,76
70,76
70,76
70,76
70,76
70,76
70,76
70,76
70,76
70,76
70,76
70,76
70,76
70,76
70,76
70,76
70,76
70,76
70,76
70,76
70,76
70,76
70,76
70,76
70,76
70,76
70,76
70,76
70,76
70,76
70,76
70,76
70,76
70,76
70,76
70,76
70,76
70,76
70,76
70,76
70,76
70,76
70,76
70,76
70,76
70,76
70,76
70,76
70,76
70,76
70,76
70,76
70,76
70,76
70,76
70,76
70,76
70,76
70,76
70,76
70,76
70,76
70,76
70,76
70,76
70,76
70,76
70,76
70,76
70,76
70,76
70,76
70,76
70,76
70,76
70,76
70,76
70,76
70,76
70,76
70,76
70,76
70,76
70,76
70,76
70,76
70,76
70,76
70,76
70,76
70,76
70,76
70,76
70,76
70,76
70,76
70,76
70,76
70,76
70,76
70,76
70,76
70,76
70,76
70,76
70,76
70,76
70,76
70,76
70,76
70,76
70,76
70,76
70,76
70,76
70,76
70,76
70,76
70,76
70,76
70,76
70,76
70,76
70,76
70,76
70,76
70,76
70,76
70,76
70,76
70,76
70,76
70,76
70,76
70,76
70,76
70,76
70,76
70,76
70,76
70,76
70,76
70,76
70,76
70,76
70,76
70,76
70,76
70,76
70,76
70,76
70,76
70,76
70,76
70,76
70,76
70,76
70,76
70,76
70,76
70,76
70,76
70,76
70,76
70,76
70,76
70,76
70,76
70,76
70,76
70,76
70,76
70,76
70,76
70,76
70,76
70,76
70,76
70,76
70,76
70,76
70,76
70,76
70,76
70,76
70,76
70,76
70,76
70,76
70,76
70,76
70,76
70,76
70,76
70,76
70,76
70,76
70,76
70,76
70,76
70,76
70,76
70,76
70,76
70,76
70,76
70,76
70,76
70,76
70,76
70,76
70,76
70,76
70,76
70,76
70,76
70,76
70,76
70,76
70,76
70,76
70,76
70,76
70,76
70,76
70,76
70,76
70,76
70,76
70,76
70,76
70,76
70,76
70,76
70,76
70,76
70,76
70,76
70,76
70,76
70,76
70,76
70,76
70,76
70,76
70,76
70,76
70,76
70,76
70,76
70,76
70,76
70,76
70,76
70,76
70,76
70,76
70,76
70,76
70,76
70,76
70,76
70,76
70,76
70,76
70,76
70,76
70,76
70,76
70,76
70,76
70,76
70,76
70,76
70,76
70,76
70,76
70,76
70,76
70,76
70,76
70,76
70,76
70,76
70,76
70,76
70,76
70,76
70,76
70,76
70,76
70,76
70,76
70,76
70,76
70,76
70,76
70,76
70,76
70,76
70,76
70,76
70,76
70,76
70,76
70,76
70,76
70,76
70,76
70,76
70,76
70,76
70,76
70,76
70,76
70,76
70,76
70,76
70,76
70,76
70,76
70,76
70,76
70,76
70,76
70,76
70,76
70,76
70,76
70,76
70,76
70,76
70,76
70,76
70,76
70,76
70,76
70,76
70,76
70,76
70,76
70,76
70,76
70,76
70,76
70,76
70,76
70,76
70,76
70,76
70,76
70,76
70,76
70,76
70,76
70,76
70,76
70,76
70,76
70,76
70,76
70,76
70,76
70,76
70,76
70,76
70,76
70,76
70,76
70,76
70,76
70,76
70,76
70,76
70,76
70,76
70,76
70,76
70,76
70,76
70,76
70,76
70,76
70,76
70,76
70,76
70,76
70,76
70,76
70,76
70,76
70,76
70,76
70,76
70,76
70,76
70,76
70,76
70,76
70,76
70,76
70,76
70,76
70,76
70,76
70,76
70,76
70,76
70,76
70,76
70,76
70,76
70,76
70,76
70,76
70,76
70,76
70,76
70,76
70,76
70,76
70,76
70,76
70,76
70,76
70,75
70,74
70,73
70,72
70,71
70,71
70,71
70,71
70,71
70,71
70,71
70,71
70,71
70,71
70,71
70,71
70,71
70,71
70,71
70,71
70,71
70,71
70,71
70,71
70,71
70,71
70,71
70,71
70,71
70,71
70,71
70,71
70,71
70,71
70,71
70,71
70,71
70,71
70,71
70,71
70,71
70,71
70,71
70,71
70,71
70,71
70,71
70,71
70,71
70,71
70,71
70,71
70,71
70,71
70,71
70,71
70,71
70,71
70,71
70,71
70,71
70,71
70,71
70,71
70,71
70,71
70,71
70,71
70,71
70,71
70,71
70,70
70,69
70,67
70,65
70,63
70,59
70,59
70,58
70,58
70,58
70,58
70,58
70,58
70,58
70,58
70,58
70,58
70,58
70,58
70,58
70,58
70,58
70,58
70,58
70,58
70,58
69,58
68,58
67,58
66,58
65,58
65,58
64,58
63,58
62,58
61,58
60,58
59,58
59,58
59,58
59,58
59,58
59,58
59,58
59,58
59,58
59,58
59,58
59,58
59,58
59,58
59,58
59,58
59,58
59,58
59,58
59,58
59,58
59,58
59,58
59,58
59,58
59,58
59,58
59,58
59,58
59,58
59,58
59,58
59,58
59,58
59,58
59,58
59,58
59,58
59,58
59,58
59,58
59,58
59,58
59,58
59,58
59,58
59,58
59,58
59,58
59,58
59,58
59,58
59,58
59,58
59,58
59,58
59,58
59,58
59,58
59,58
59,58
59,58
59,58
59,58
59,58
59,58
59,58
59,58
59,58
59,58
59,58
59,58
59,58
59,58
59,58
59,58
59,58
59,58
59,58
59,58
59,58
59,58
59,58
59,58
59,58
59,58
59,58
59,58
59,58
59,58
59,58
59,58
59,58
59,58
59,58
59,58
59,58
59,58
59,58
59,58
59,58
59,58
59,58
59,58
59,58
59,58
59,58
59,58
59,58
59,58
59,58
59,58
59,58
59,58
59,58
59,58
59,58
59,58
59,58
59,58
59,58
59,58
59,58
59,58
59,58
59,58
59,58
59,58
59,58
60,58
61,58
62,58
63,58
64,58
65,58
66,58
67,58
68,58
68,58
68,58
68,58
68,58
68,58
68,58
68,58
68,58
68,58
68,58
68,58
68,58
68,58
68,58
68,58
68,58
68,58
68,58
68,58
68,58
68,58
68,58
68,58
68,58
68,58
68,58
68,58
68,58
68,58
68,58
68,58
68,58
68,58
68,58
68,58
68,58
68,58
68,58
68,58
68,58
68,58
68,58
68,58
68,58
68,58
68,58
68,58
68,58
68,58
68,58
68,58
68,58
68,58
68,58
68,58
68,58
68,58
68,58
68,58
68,58
68,58
68,59
68,60
68,61
68,62
68,63
68,64
68,65
68,66
68,66
68,66
68,66
68,66
68,66
68,66
68,66
68,66
68,66
68,66
68,66
68,66
68,66
68,66
68,66
68,66
68,66
68,66
68,66
68,66
68,66
68,66
68,66
68,66
68,66
68,66
68,66
68,66
68,66
68,66
68,66
68,66
68,66
68,66
68,66
68,66
68,66
68,66
68,66
68,66
68,66
68,66
68,66
68,66
68,66
68,66
68,66
68,66
68,66
68,66
68,66
68,66
68,66
68,66
68,66
68,66
68,66
68,66
68,66
68,66
68,66
68,66
68,66
68,66
68,66
68,66
68,66
68,66
68,66
68,66
68,66
68,66
68,66
68,66
68,66
68,66
68,66
68,66
68,66
68,66
68,66
68,66
68,66
68,66
68,66
68,66
68,66
68,66
68,66
68,66
68,66
68,66
68,66
68,66
68,66
68,66
68,66
68,66
68,66
68,66
68,66
68,66
68,66
68,66
68,66
68,66
68,66
68,66
68,66
68,66
68,66
68,66
68,66
68,66
68,66
68,66
68,66
68,66
68,66
68,66
68,66
68,66
68,66
68,66
68,66
68,66
68,66
68,66
68,66
68,66
68,66
68,66
68,66
68,66
68,66
68,66
68,66
68,66
68,66
68,66
68,66
68,66
68,66
68,66
68,66
68,66
68,66
68,66
68,66
68,66
68,66
68,66
68,66
68,66
68,66
68,66
68,66
68,66
68,66
68,66
68,66
68,66
68,66
68,66
68,66
68,66
68,66
68,66
68,66
68,66
68,66
68,66
68,66
68,66
68,66
68,66
68,66
68,66
68,66
68,66
68,66
68,66
68,66
68,66
68,66
68,66
68,66
68,66
68,66
68,66
68,66
68,66
68,66
68,66
68,66
68,66
68,66
68,66
68,66
68,66
68,66
68,66
68,66
68,66
68,66
68,66
68,66
68,66
68,66
68,66
68,66
68,66
68,66
68,66
68,66
68,66
68,66
68,66
68,66
68,66
68,66
68,66
68,66
68,66
68,66
68,66
68,66
68,66
68,66
68,66
68,66
68,66
68,66
68,66
68,66
68,66
68,66
68,66
68,66
68,66
68,66
68,66
68,66
68,66
68,66
68,66
68,66
68,66
68,66
68,66
68,66
68,66
68,66
68,66
68,66
68,66
68,66
68,66
68,66
68,66
68,66
68,66
68,66
68,66
68,66
68,66
68,66
68,66
68,66
68,66
68,66
68,66
68,66
68,66
68,66
68,66
68,66
68,66
68,66
68,66
68,66
68,66
68,66
68,66
68,66
68,66
68,66
68,66
68,66
68,66
68,66
68,66
68,66
68,66
68,66
68,66
68,66
68,66
68,66
68,66
68,66
68,66
68,66
68,66
68,66
68,66
68,66
68,66
68,66
68,66
68,66
68,66
68,66
68,66
68,66
68,66
68,66
68,66
68,66
68,66
68,66
68,66
68,66
68,66
68,66
68,66
68,66
68,66
68,66
68,66
68,66
68,66
68,66
68,66
68,66
68,66
68,66
68,66
68,66
68,66
68,66
68,66
68,66
68,66
68,66
68,66
68,66
68,66
68,66
68,66
68,66
68,66
68,66
68,66
68,66
68,66
68,66
68,66
68,66
68,66
68,66
68,66
68,66
68,66
68,66
68,66
68,66
68,66
68,66
68,66
68,66
68,66
68,66
68,66
68,66
68,66
68,66
68,66
68,66
68,66
68,66
68,66
68,66
68,66
68,66
68,66
68,66
68,66
68,66
68,66
68,66
68,66
68,66
68,66
68,66
68,66
68,66
68,66
68,66
68,66
68,66
68,66
68,66
68,66
68,66
68,66
68,66
68,66
68,66
68,66
68,66
68,66
68,66
68,66
68,66
68,66
68,66
68,66
68,66
68,66
68,66
68,66
68,66
68,66
68,66
68,66
68,66
68,66
68,66
68,66
68,66
68,66
68,66
68,66
68,66
68,66
68,66
68,66
68,66
68,66
68,66
68,66
68,66
68,66
68,66
68,66
68,66
68,66
68,66
68,66
68,66
68,66
68,66
68,66
68,66
68,66
68,66
68,66
68,66
68,66
68,66
68,66
68,66
68,66
68,66
68,66
68,66
68,66
68,66
68,66
68,66
68,66
68,66
68,66
68,66
68,66
68,66
68,66
68,66
68,66
68,66
68,66
68,66
68,66
68,66
68,66
68,66
69,66
70,66
71,66
72,66
73,66
74,66
75,66
76,66
77,66
78,66
78,66
78,66
78,66
78,66
78,66
78,66
78,66
78,66
78,66
78,66
78,66
78,66
78,66
78,66
78,66
78,66
78,66
78,66
78,66
78,66
78,66
78,66
78,66
78,66
78,66
78,66
78,66
78,66
78,66
78,66
78,66
78,66
78,66
78,66
78,66
78,66
78,66
78,66
78,66
78,66
78,66
78,66
78,66
78,66
78,66
78,66
78,66
78,66
78,66
78,66
78,66
78,66
78,66
78,66
78,66
78,66
78,66
78,66
78,66
78,66
78,66
78,66
78,66
78,66
78,66
78,66
78,66
78,66
78,66
78,66
78,66
78,66
78,66
78,66
78,66
78,66
78,66
78,66
78,66
78,66
78,66
78,66
78,66
78,66
78,66
78,66
78,66
78,66
78,66
78,66
78,66
78,66
78,66
78,66
78,66
78,66
78,66
78,66
78,66
78,66
78,66
78,66
78,66
78,66
78,66
78,66
78,66
78,66
78,66
78,66
78,66
78,66
78,66
78,66
78,66
78,66
78,66
78,66
78,66
78,66
78,66
78,67
78,68
78,68
78,71
78,73
78,73
78,75
78,77
78,78
78,78
78,78
78,78
78,78
78,78
78,78
78,78
78,78
78,78
78,78
78,78
78,78
78,78
78,78
78,78
78,78
78,78
78,78
78,78
78,78
78,78
78,78
78,78
78,78
78,78
78,78
78,78
78,78
78,78
78,78
78,78
78,78
78,78
78,78
78,78
78,78
78,78
78,78
78,78
78,78
78,78
78,78
78,78
78,78
78,78
78,78
78,78
78,78
78,78
78,78
78,78
78,78
78,78
78,78
78,78
78,78
78,78
78,78
78,78
78,78
78,78
78,78
78,78
78,78
78,78
78,78
78,78
78,78
78,78
78,78
78,78
78,78
78,78
78,78
78,78
78,78
78,78
78,78
78,78
78,78
78,78
78,78
78,78
78,78
78,78
78,78
78,78
78,78
78,78
78,78
78,78
78,78
78,78
78,78
78,78
78,78
78,78
78,78
78,78
78,78
78,78
78,78
78,78
78,78
78,78
78,78
78,78
78,78
78,78
78,78
78,78
78,78
78,78
78,78
78,78
78,78
78,78
78,78
78,78
78,78
78,78
78,78
78,78
78,78
78,78
78,78
78,78
78,78
78,78
78,78
78,78
78,78
78,78
78,78
78,78
78,78
78,78
78,78
78,78
78,78
78,78
78,78
78,78
78,78
78,78
78,78
78,78
78,78
78,78
78,78
78,78
78,78
78,78
78,78
78,78
78,78
78,78
78,78
78,78
78,78
78,78
78,78
78,78
78,78
78,78
78,78
78,78
78,78
78,78
78,78
78,78
78,78
78,78
78,78
78,78
78,78
78,78
78,78
78,78
78,78
78,78
78,78
78,78
78,78
78,78
78,78
78,78
78,78
78,78
78,78
78,78
78,78
78,78
78,78
78,78
78,78
78,78
78,78
78,78
78,78
78,78
78,78
78,78
78,78
78,78
78,78
78,78
78,78
78,78
78,78
78,78
78,78
78,78
78,78
78,78
78,78
78,78
78,78
78,78
78,78
78,78
78,78
78,78
78,78
78,78
78,78
78,78
78,78
78,78
78,78
78,78
78,78
78,78
78,78
78,78
78,78
78,78
78,78
78,78
78,78
78,78
78,78
78,78
78,78
78,78
78,78
78,78
78,78
78,78
78,78
78,78
78,78
78,78
78,78
78,78
78,78
78,78
78,78
78,78
78,78
78,78
78,78
78,78
78,78
78,78
78,78
78,78
78,78
78,78
78,78
78,78
78,78
78,78
78,78
78,78
78,78
78,78
78,78
78,78
78,78
78,78
78,78
78,78
78,78
78,78
78,78
78,78
78,78
78,78
78,78
78,78
78,78
78,78
78,78
78,78
78,78
78,78
78,78
78,78
78,78
78,78
78,78
78,78
78,78
78,78
78,78
78,78
78,78
78,78
78,78
78,78
78,78
78,78
78,78
78,78
78,78
78,78
78,78
78,78
78,78
78,78
78,78
78,78
78,78
78,78
78,78
78,78
78,78
78,78
78,78
78,78
78,78
78,78
78,78
78,78
78,78
78,78
78,78
78,78
78,78
78,78
78,78
78,78
78,78
78,78
78,78
78,78
78,78
78,78
78,78
78,78
78,78
78,78
78,78
78,78
78,78
78,78
78,78
78,78
78,78
78,78
78,78
78,78
78,78
78,78
78,78
78,78
78,78
78,78
78,78
78,78
78,78
78,78
78,78
78,78
78,78
78,78
78,78
78,78
78,78
78,78
78,78
78,78
78,78
78,78
78,78
78,78
78,78
78,78
78,78
78,78
78,78
78,78
78,78
78,78
78,78
78,78
78,78
78,78
78,78
78,78
78,78
78,78
78,78
78,78
78,78
78,78
78,78
78,78
78,78
78,78
78,78
78,78
78,78
78,78
78,78
78,78
78,78
78,78
78,78
78,78
78,78
78,78
78,78
78,78
78,78
78,78
78,78
78,78
78,78
78,78
78,78
78,78
78,78
78,78
78,78
78,78
78,78
78,78
78,78
78,78
78,78
78,78
78,78
78,78
78,78
78,78
78,78
78,78
78,78
78,78
78,78
78,78
78,78
78,78
78,78
78,78
78,78
78,78
78,78
78,78
78,78
78,78
78,78
78,78
78,78
78,78
78,78
78,78
78,78
78,78
78,78
78,78
78,78
78,78
78,78
78,78
78,78
78,78
78,78
78,78
78,78
78,78
78,78
78,78
78,78
78,78
78,78
78,78
78,78
78,78
78,78
78,78
78,78
78,78
78,78
78,78
78,78
78,78
78,78
78,78
78,78
78,78
78,78
78,78
78,78
78,78
78,78
78,78
78,78
78,78
78,78
78,78
78,78
78,78
78,78
78,78
78,78
78,78
78,78
78,78
78,78
78,78
78,78
78,78
78,78
78,78
78,78
78,78
78,78
78,78
78,78
78,78
78,78
78,78
78,78
78,78
78,78
78,78
78,78
78,78
78,78
78,78
78,78
78,78
78,78
78,78
78,78
78,78
78,78
78,78
78,78
78,78
78,78
78,78
78,78
78,78
78,78
78,78
78,78
78,78
78,78
78,78
78,78
78,78
78,78
78,78
78,78
78,78
78,78
78,78
78,78
78,78
78,78
78,78
78,78
78,78
78,78
78,78
78,78
78,78
78,78
78,78
78,78
78,78
78,78
78,78
78,78
78,78
78,78
78,78
78,78
78,78
78,78
78,78
78,78
78,78
78,78
78,78
78,78
78,78
78,78
78,78
78,78
78,78
78,78
78,78
78,78
78,78
78,78
78,78
78,78
79,78
80,78
81,78
82,78
83,78
84,78
84,78
84,78
84,78
84,78
84,78
84,78
84,78
84,78
84,78
84,78
84,78
84,78
84,78
84,78
84,78
84,78
84,78
84,78
84,78
84,78
84,78
84,78
84,78
84,78
84,78
84,78
84,78
84,78
84,78
84,78
84,78
84,78
84,78
84,78
84,78
84,78
84,78
84,78
84,78
84,78
84,78
84,78
84,78
84,78
84,78
84,78
84,78
84,78
84,78
84,78
84,78
84,78
84,78
84,78
84,78
84,78
84,78
84,78
84,78
84,78
84,78
84,78
84,78
84,78
84,78
84,78
84,78
84,78
84,78
84,78
84,78
84,78
84,78
84,78
84,78
84,78
84,78
84,78
84,78
84,78
84,78
84,78
84,78
84,78
84,78
84,78
84,78
84,78
84,78
84,78
84,78
84,78
84,78
84,78
84,78
84,78
84,78
84,78
84,78
84,78
84,78
84,78
84,78
84,78
84,78
84,78
84,78
84,78
84,78
84,78
84,78
84,78
84,78
84,78
84,78
84,78
84,78
84,78
84,78
84,78
84,78
84,78
84,78
84,78
84,78
84,78
84,78
84,78
84,78
84,78
84,78
84,78
84,78
84,78
84,78
84,78
84,78
84,78
84,78
84,78
84,78
84,78
84,78
84,78
84,78
84,78
84,78
84,78
84,78
84,78
84,78
84,78
84,78
84,78
84,78
84,78
84,78
84,78
84,78
84,78
84,78
84,78
84,78
84,78
84,78
84,78
84,78
84,78
84,78
84,78
84,78
84,78
84,78
84,78
84,78
84,78
84,78
84,78
84,78
84,78
84,78
84,78
84,78
84,78
84,78
84,78
84,78
84,78
84,78
84,78
84,78
84,78
84,78
84,78
84,78
84,78
84,78
84,78
84,78
84,78
84,78
84,78
84,78
84,78
84,78
84,78
84,78
84,78
84,78
84,78
84,78
84,78
84,78
84,78
84,78
84,78
83,78
82,78
81,78
80,78
79,78
78,78
77,78
77,78
77,78
77,78
77,78
77,78
77,78
77,78
77,78
77,78
77,78
77,78
77,78
77,78
77,78
77,78
77,78
77,78
77,78
76,78
75,78
74,78
73,78
73,78
73,78
73,78
73,78
73,78
73,78
73,78
73,78
73,78
73,78
73,78
73,78
73,78
73,78
73,78
73,78
73,78
72,78
71,78
70,78
69,78
68,78
67,78
66,78
65,78
64,78
63,78
63,78
63,78
63,78
63,78
63,78
63,78
63,78
63,78
63,78
63,78
63,78
63,78
63,78
63,78
63,78
63,78
63,78
63,78
62,78
61,78
60,78
59,78
58,78
57,78
57,78
57,78
57,78
57,78
57,78
57,78
57,78
57,78
57,78
57,78
57,78
57,78
57,78
57,78
57,78
57,78
57,78
57,78
57,78
57,78
57,78
57,78
57,78
57,78
57,78
57,78
57,78
57,78
57,78
57,78
58,78
59,78
60,78
61,78
62,78
63,78
64,78
65,78
66,78
66,78
66,78
66,78
66,78
66,78
66,78
66,78
66,78
66,78
66,78
66,78
66,78
66,78
66,78
66,78
66,78
66,78
66,78
66,78
66,78
66,78
66,78
66,78
66,78
66,78
66,78
66,78
66,78
66,78
66,78
66,78
66,78
66,78
66,78
66,78
66,79
66,80
66,81
66,82
66,83
66,84
66,85
66,86
66,86
66,86
66,86
66,86
66,86
66,86
66,86
66,86
66,86
66,86
66,86
66,86
66,86
66,86
66,86
66,86
66,86
66,86
66,86
66,86
66,86
66,86
66,86
66,86
66,86
66,86
66,86
66,86
66,86
66,86
66,86
66,86
66,86
66,86
66,86
66,86
66,86
66,86
66,86
66,86
66,86
66,86
66,86
66,86
66,86
66,86
66,86
66,86
66,86
66,86
66,86
66,86
66,86
66,86
66,86
66,86
66,86
66,86
66,86
66,86
66,86
66,86
66,86
66,86
66,86
66,86
66,86
66,86
66,86
66,86
66,86
66,86
66,86
66,86
66,86
66,86
66,86
66,86
66,86
66,86
66,86
66,86
66,86
66,86
66,86
66,86
66,86
66,86
66,86
66,86
66,86
66,86
66,86
66,86
66,86
66,86
66,86
66,86
66,86
66,86
66,86
66,86
66,86
66,86
66,86
66,86
66,86
66,86
66,86
66,86
66,86
66,86
66,86
66,86
66,86
66,86
66,86
66,86
66,86
66,86
66,86
66,86
66,86
66,86
66,86
66,86
66,86
66,86
66,86
66,86
66,86
66,86
66,86
66,86
66,86
66,86
66,86
66,86
66,86
66,86
66,86
66,86
66,86
66,86
66,86
66,86
66,86
66,86
66,86
66,86
66,86
66,86
66,86
66,86
66,86
66,86
66,86
66,86
66,86
66,86
66,86
66,86
66,86
66,86
66,86
66,86
66,86
66,86
66,86
66,86
66,86
66,86
66,86
66,86
66,86
66,86
66,86
66,86
66,86
66,86
66,86
66,86
66,86
66,86
66,86
66,86
66,86
66,86
66,86
66,86
66,86
66,86
66,86
66,86
66,86
66,86
66,86
66,86
66,86
66,86
66,86
66,86
66,86
66,86
66,86
66,86
66,86
66,86
66,86
66,86
66,86
66,86
66,86
66,86
66,86
66,86
66,86
66,86
66,86
66,86
66,86
66,86
66,86
66,86
66,86
66,86
66,86
66,86
66,86
66,86
66,86
66,86
66,86
66,86
66,86
66,86
66,86
66,86
66,86
66,86
66,86
66,86
66,86
66,86
66,86
66,86
66,86
66,86
66,86
66,86
66,86
66,86
66,86
66,86
66,86
66,86
66,86
66,86
66,86
66,86
66,86
66,86
66,86
66,86
66,86
66,86
66,86
66,86
66,86
66,86
66,86
66,86
66,86
66,86
66,86
66,86
66,86
66,86
66,86
66,86
66,86
66,86
66,86
66,86
66,86
66,86
66,86
66,86
66,86
66,86
66,86
66,86
66,86
66,86
66,86
66,86
66,86
66,86
66,86
66,86
66,86
66,86
66,86
66,86
66,86
66,86
66,86
66,86
66,86
66,86
66,86
66,86
66,86
66,86
66,86
66,86
66,86
66,86
66,86
66,86
66,86
66,86
66,86
66,86
66,86
66,86
66,86
66,86
66,86
66,86
66,86
66,86
66,86
66,86
66,86
66,86
66,86
66,86
66,86
66,86
66,86
66,86
66,86
66,86
66,86
66,86
66,86
66,86
66,86
66,86
66,86
66,86
66,86
66,86
66,86
66,86
66,86
66,86
66,86
66,86
66,86
66,86
66,86
66,86
66,86
66,86
66,86
66,86
66,86
66,86
66,86
66,86
66,86
66,86
67,86
68,86
69,86
70,86
71,86
72,86
73,86
74,86
75,86
75,86
75,86
75,86
75,86
75,86
75,86
75,86
75,86
75,86
75,86
75,86
75,86
75,86
75,86
75,86
75,86
75,86
75,86
75,86
75,86
75,86
75,86
75,86
75,86
75,86
75,86
75,86
75,86
75,86
75,86
75,86
75,86
75,86
75,86
75,86
75,86
75,86
75,86
75,86
75,86
75,86
75,86
75,86
75,86
75,86
75,86
75,86
75,86
75,86
75,86
75,86
75,86
75,86
75,86
75,86
75,86
75,86
75,86
75,86
75,86
75,86
75,86
75,86
75,86
75,86
75,86
75,86
75,86
75,86
75,86
75,86
75,86
75,86
75,86
75,86
75,86
75,86
75,86
75,86
75,86
75,86
75,86
75,86
75,86
75,86
75,86
75,86
75,86
75,86
75,86
75,86
75,86
75,86
75,86
75,86
75,86
75,86
75,86
75,86
75,86
75,86
75,86
75,86
75,86
75,86
75,86
75,86
75,86
75,86
75,86
75,86
75,86
75,86
75,86
75,86
75,86
75,86
75,86
75,86
75,86
75,86
75,86
75,86
75,86
75,86
75,86
75,86
75,86
75,86
75,86
75,86
75,86
75,86
75,86
75,86
75,86
75,86
75,86
75,86
75,86
75,86
75,86
75,86
75,86
75,86
75,86
75,86
75,86
75,86
75,86
75,86
75,86
75,86
75,86
75,86
75,86
75,86
75,86
75,86
75,86
75,86
75,86
75,86
75,86
75,86
75,86
75,86
75,86
75,86
75,86
75,86
75,86
75,86
75,86
75,86
75,86
75,86
75,86
75,86
75,86
75,86
75,86
75,86
75,86
75,86
75,86
75,86
75,86
75,86
75,86
75,86
75,86
75,86
75,86
75,86
75,86
75,86
75,86
75,86
75,86
75,86
75,86
75,86
75,86
75,86
75,86
75,86
75,86
75,86
75,86
75,86
75,86
75,86
75,86
75,86
75,86
75,86
75,86
75,86
75,86
75,86
75,86
75,86
75,86
75,86
75,86
75,86
75,86
75,86
75,86
75,86
75,86
75,86
75,86
75,86
75,86
75,86
75,86
75,86
75,86
75,86
75,86
75,86
75,86
75,86
75,86
75,86
75,86
74,86
73,86
72,86
71,86
70,86
69,86
68,86
67,86
67,86
67,86
67,86
67,86
67,86
67,86
67,86
67,86
67,86
67,86
67,86
67,86
67,86
67,86
67,86
67,86
67,86
67,86
67,86
67,86
67,86
67,86
67,86
67,86
67,86
66,86
65,86
64,86
63,86
62,86
62,86
62,86
62,86
62,86
62,86
62,86
62,86
62,86
62,86
62,86
62,86
62,86
62,86
62,86
62,86
62,86
62,86
62,86
62,86
62,86
62,86
62,86
62,86
62,86
62,86
62,86
62,86
62,86
62,86
62,86
62,86
62,86
62,86
62,86
62,86
62,86
62,86
62,86
62,86
62,86
62,86
62,86
62,86
62,86
62,86
62,85
62,84
62,83
62,82
62,81
62,80
62,80
62,80
62,80
62,80
62,80
62,80
62,80
62,80
62,80
62,80
62,80
62,80
62,80
62,80
62,80
62,80
62,80
62,80
62,80
62,80
62,80
62,80
62,80
62,80
62,80
62,80
62,80
62,79
62,78
62,77
62,76
62,75
62,74
62,73
62,73
62,73
62,73
62,73
62,73
62,73
62,73
62,73
62,73
62,73
62,73
62,73
62,73
62,73
62,72
62,71
62,70
62,69
62,68
62,67
62,66
62,65
62,64
62,63
62,62
62,62
62,62
62,62
62,62
62,62
62,62
62,62
62,62
62,62
62,62
62,62
62,62
62,62
62,62
62,62
62,62
62,62
62,62
62,62
62,62
62,62
62,62
62,62
62,62
62,62
62,62
62,62
62,62
62,62
62,62
62,62
62,62
62,62
62,62
62,62
62,62
62,62
62,62
62,62
62,62
62,62
62,62
62,62
62,62
62,62
62,62
62,62
62,62
62,62
62,62
62,62
62,62
62,62
62,62
62,62
62,62
62,62
62,62
62,62
62,62
62,62
62,62
62,62
62,62
62,62
62,62
62,62
62,62
62,62
62,62
62,62
62,62
62,62
62,62
62,62
62,62
62,62
62,62
62,62
62,62
62,62
62,62
62,62
62,62
62,62
62,62
62,62
62,62
62,62
62,62
62,62
62,62
62,62
62,62
62,62
62,62
62,62
62,62
62,62
62,62
62,62
62,62
62,62
62,62
62,62
62,62
62,62
62,62
62,62
62,62
62,62
62,62
62,62
62,62
62,62
62,62
62,62
62,62
62,62
62,62
62,62
62,62
62,62
62,62
62,62
62,62
62,62
62,62
62,62
62,62
62,62
62,62
62,62
62,62
62,62
62,62
62,62
62,62
62,62
62,62
62,62
62,62
62,62
62,62
62,62
62,62
62,62
62,62
62,62
62,62
62,62
62,62
62,62
62,62
62,62
62,62
62,62
62,62
62,62
62,62
62,62
62,62
62,62
62,62
62,62
62,62
62,62
62,62
62,62
62,62
62,62
62,62
62,62
62,62
62,62
62,62
62,62
62,62
62,62
62,62
62,62
62,62
62,62
62,62
62,62
62,62
62,62
62,62
62,62
62,62
62,62
62,62
62,62
62,62
62,62
62,62
62,62
62,62
62,62
62,62
62,62
62,62
62,62
62,62
62,62
62,62
62,62
62,62
62,62
62,62
62,62
62,62
62,62
62,62
62,62
62,62
62,62
62,62
62,62
62,62
62,62
62,62
62,62
62,62
62,62
62,62
62,62
62,62
62,62
62,62
62,62
62,62
62,62
62,62
62,62
62,62
62,62
63,62
64,62
65,62
66,62
67,62
68,62
69,62
70,62
71,62
71,62
71,62
71,62
71,62
71,62
71,62
71,62
71,62
71,62
71,62
71,62
71,62
71,62
71,62
71,62
71,62
71,62
71,62
71,62
71,62
71,62
71,62
71,62
71,62
71,62
72,62
73,62
74,62
75,62
76,62
77,62
78,62
79,62
80,62
81,62
81,62
81,62
81,62
81,62
81,62
81,62
81,62
81,62
81,62
81,62
81,62
81,62
81,62
81,62
81,62
81,62
81,62
81,62
81,62
81,62
81,62
81,62
81,62
81,62
81,62
81,62
81,62
81,62
81,62
81,62
81,62
81,62
81,62
81,62
81,62
81,62
81,62
81,62
81,62
81,62
81,62
81,62
81,62
81,62
81,62
81,62
81,62
81,62
81,62
81,62
81,62
81,62
81,62
81,62
81,62
81,62
81,62
81,62
81,62
81,62
81,62
81,62
81,62
81,62
81,62
81,62
81,62
81,62
81,62
81,62
81,62
81,62
81,62
81,62
81,62
81,62
81,62
81,62
81,62
81,62
81,62
81,62
81,62
81,62
81,62
81,62
81,62
81,62
81,62
81,62
81,62
81,62
81,62
81,62
81,62
81,62
81,62
81,62
81,62
81,62
81,62
81,62
81,62
81,62
81,62
81,62
81,62
81,62
81,62
81,62
81,62
81,62
81,62
81,62
81,62
81,62
81,62
81,62
81,62
81,62
81,62
81,62
81,62
81,62
81,62
81,62
81,62
81,62
81,62
81,62
81,62
81,62
81,62
81,62
81,62
81,62
81,62
81,62
81,62
81,62
81,62
81,62
81,62
81,62
81,62
81,62
81,62
81,62
81,62
81,62
81,62
81,62
81,62
81,62
81,62
81,62
81,62
81,62
81,62
81,62
81,62
81,62
81,62
81,62
81,62
81,62
81,62
81,62
81,62
81,62
81,62
81,62
81,62
81,62
81,62
81,62
81,62
81,62
81,62
81,62
81,62
81,62
81,62
81,62
81,62
81,62
81,62
81,62
81,62
81,62
81,62
81,62
81,62
81,62
81,62
81,62
81,62
81,62
81,62
81,62
81,62
81,62
81,62
81,62
81,62
81,62
81,62
81,62
81,62
81,62
81,62
81,62
81,62
81,62
81,62
81,62
81,62
81,62
81,62
81,62
81,62
81,62
81,62
81,62
81,62
81,62
81,62
81,62
81,62
81,62
81,62
81,62
81,62
81,62
81,62
81,62
81,62
81,62
81,62
81,62
81,62
81,62
81,62
81,62
81,62
81,62
81,62
81,62
81,62
81,62
81,62
81,62
81,62
81,62
81,62
81,62
81,62
81,62
81,62
81,62
81,62
81,62
81,62
81,62
81,62
81,62
81,62
81,62
81,62
81,62
81,62
81,62
81,62
81,62
81,62
81,62
81,62
81,62
81,62
81,62
81,62
81,62
81,62
81,62
81,62
81,62
81,62
81,62
81,62
81,62
81,62
81,62
81,62
81,62
81,62
81,62
81,62
81,62
81,62
81,62
81,62
81,62
81,62
81,62
81,62
81,62
81,62
81,62
81,62
81,62
81,62
81,62
81,62
81,62
81,62
81,62
81,62
81,62
81,62
81,62
81,62
81,63
81,64
81,66
81,68
81,72
81,72
81,72
81,72
81,72
81,72
81,72
81,72
81,72
81,72
81,72
81,72
81,72
81,72
81,72
81,72
81,72
81,72
81,72
81,72
81,72
81,72
81,72
81,72
81,72
80,72
78,72
77,72
76,72
75,72
74,72
74,72
73,72
72,72
71,72
70,72
70,72
70,72
70,72
70,72
70,72
70,72
70,72
70,72
70,72
70,72
70,72
70,72
70,72
70,72
70,72
70,72
70,72
70,72
70,72
69,72
68,72
67,72
66,72
65,72
64,72
63,72
63,72
63,72
63,72
63,72
63,72
63,72
63,72
63,72
63,72
63,72
63,72
63,72
63,72
63,72
63,72
63,72
63,72
63,72
63,72
63,72
63,72
63,72
63,72
63,72
63,72
63,72
63,72
63,72
63,72
63,72
63,72
63,72
63,72
63,72
63,72
63,72
63,72
63,72
63,72
63,72
63,72
63,72
63,72
63,72
63,72
63,72
63,72
63,72
63,72
63,72
63,72
63,72
63,72
63,72
63,72
63,72
63,72
63,72
63,72
63,72
63,72
63,72
63,72
63,72
63,72
63,72
63,72
63,72
63,72
63,72
63,72
63,72
63,72
63,72
63,72
63,72
63,72
63,72
63,72
63,72
63,72
63,72
63,72
63,72
63,72
63,72
63,72
63,72
63,72
63,72
63,72
63,72
63,72
63,72
63,72
63,72
63,72
63,72
63,72
63,72
63,72
63,72
63,72
63,72
63,72
63,72
63,72
63,72
63,72
63,72
63,72
63,72
63,72
63,72
63,72
63,72
63,72
63,72
63,72
63,72
63,72
63,72
63,72
63,72
63,72
63,72
63,72
63,72
63,72
63,72
63,72
63,72
63,72
63,72
63,72
63,72
63,72
63,72
63,72
63,72
63,72
63,72
63,72
63,72
63,72
63,72
63,72
63,72
63,72
63,72
63,72
63,72
63,72
63,72
63,72
63,72
63,72
63,72
63,72
63,72
63,72
63,72
63,72
63,72
63,72
63,72
63,72
63,72
63,72
63,72
63,72
63,72
63,72
63,72
63,72
63,72
63,72
63,72
63,72
63,72
63,72
63,72
63,72
63,72
63,72
63,72
63,72
63,72
63,72
63,72
63,72
63,72
63,72
63,72
63,72
63,72
63,73
63,74
63,75
63,76
63,77
63,78
63,78
63,78
63,78
63,78
63,78
63,78
63,78
63,78
63,78
63,78
63,78
63,78
63,78
63,78
63,78
63,78
63,78
63,78
63,78
63,78
63,78
63,78
63,78
63,78
63,78
63,78
63,78
63,78
63,78
63,78
63,78
63,78
63,78
63,78
63,78
63,78
63,78
63,79
63,80
63,81
63,82
63,82
63,82
63,82
63,82
63,82
63,82
63,82
63,82
63,82
63,82
63,82
63,82
63,82
63,82
63,82
63,82
63,82
63,82
63,82
63,82
63,82
63,82
63,82
63,82
63,82
63,82
63,82
63,82
63,82
63,82
63,82
63,82
63,82
63,82
63,82
63,82
63,82
63,82
63,82
63,82
63,82
63,82
63,82
63,82
63,82
63,82
63,82
63,82
63,82
63,82
63,82
63,82
63,82
63,82
63,82
63,82
63,82
63,82
63,82
63,82
63,82
63,82
63,82
63,82
63,82
63,82
63,82
63,82
63,82
63,82
63,82
63,82
63,82
63,82
63,82
63,82
63,82
63,82
63,82
63,82
63,82
63,82
63,82
63,82
63,82
63,82
63,82
63,82
63,82
63,82
63,82
63,82
63,82
63,82
63,82
63,82
63,82
63,82
63,82
63,82
63,82
63,82
63,82
63,82
63,82
63,82
63,82
63,82
63,82
63,82
63,82
63,82
63,82
63,82
63,82
63,82
63,82
63,82
63,82
63,82
63,82
63,82
63,82
63,82
63,82
63,82
63,82
63,82
63,82
63,82
63,82
63,82
63,82
63,82
63,82
63,82
63,82
63,82
63,82
63,82
63,82
63,82
63,82
63,82
63,82
63,82
63,82
63,82
63,82
63,82
63,82
63,82
63,82
63,82
63,82
63,82
63,82
63,82
63,82
63,82
63,82
63,82
63,82
63,82
63,82
63,82
63,82
63,82
63,82
63,82
63,82
63,82
63,82
63,82
63,82
63,82
63,82
63,82
63,82
63,82
63,82
63,82
63,82
63,82
63,82
63,82
63,82
63,82
63,82
63,82
63,82
63,82
63,82
63,82
63,82
63,82
63,82
63,82
63,82
63,82
63,82
63,82
63,82
63,82
63,82
63,82
63,82
63,82
63,82
63,82
63,82
63,82
63,82
63,82
63,82
63,82
63,82
63,82
63,82
63,82
63,82
63,82
63,82
63,82
63,82
62,82
61,82
60,82
59,82
59,82
58,82
57,82
56,82
56,82
56,82
56,82
56,82
56,82
56,82
56,82
56,82
56,82
56,82
56,82
56,82
56,82
56,82
56,82
56,82
56,82
56,82
56,82
56,82
56,82
56,82
56,82
56,82
56,82
56,82
56,82
56,82
56,82
56,82
56,82
56,82
56,82
56,82
56,82
56,82
56,82
56,82
56,82
56,82
56,82
56,82
56,82
56,82
56,82
56,82
56,82
56,82
56,82
56,82
56,82
56,82
56,82
56,82
56,82
56,82
56,82
56,82
56,82
56,82
56,82
56,82
56,82
56,82
56,82
56,82
56,82
56,82
56,82
56,82
56,82
56,82
56,82
56,82
56,82
56,82
56,82
56,82
56,82
56,82
56,82
56,82
56,82
56,82
56,82
56,82
56,82
56,82
56,82
56,82
56,82
56,82
56,82
56,82
56,82
56,82
56,82
56,82
56,82
56,82
56,82
56,82
56,82
56,82
56,82
56,82
56,82
56,82
56,82
56,82
56,82
56,82
56,82
56,82
56,82
56,82
56,82
56,82
56,82
56,82
56,82
56,82
56,82
56,82
56,82
56,82
56,82
56,82
56,82
56,82
56,82
56,82
56,82
56,82
56,82
56,82
56,82
56,82
56,82
56,82
56,82
56,82
56,82
56,82
56,82
56,82
56,82
56,82
56,82
56,82
56,82
56,82
56,82
56,82
56,82
56,82
56,82
56,82
56,82
56,82
56,82
56,82
56,82
56,82
56,82
56,82
56,82
56,82
56,82
56,82
56,82
56,82
56,82
56,82
56,82
56,82
56,82
56,82
56,82
56,82
56,82
56,82
56,82
56,82
56,82
56,82
56,82
56,82
56,82
56,82
56,82
56,82
56,82
56,82
56,82
56,82
56,82
56,82
56,82
56,82
56,82
56,82
56,82
56,82
56,82
56,82
56,82
56,82
56,82
56,82
56,82
56,82
56,82
56,82
56,82
56,82
56,82
56,82
56,82
56,82
56,82
56,82
56,82
56,82
56,82
56,82
56,82
56,82
56,82
56,82
56,82
56,82
56,82
56,82
56,82
56,82
56,82
56,82
56,82
56,82
56,82
56,82
56,82
56,82
56,82
56,82
56,82
56,82
56,82
56,82
56,82
56,82
56,82
56,82
56,82
56,82
56,82
56,82
56,82
56,82
56,82
56,82
56,82
56,82
56,82
56,82
56,82
56,82
56,82
56,82
56,82
56,82
56,82
56,82
56,82
56,82
56,82
56,82
56,82
56,82
56,82
56,82
56,82
56,82
56,82
56,82
56,82
56,82
56,82
56,82
56,82
56,82
56,82
56,82
56,82
56,82
56,82
56,82
56,82
56,82
56,82
56,82
56,82
56,82
56,82
56,82
56,82
56,82
56,82
56,82
56,82
56,82
56,82
56,82
56,82
56,82
56,82
56,82
56,82
56,82
56,82
56,82
56,82
56,82
56,82
56,82
56,82
56,82
56,82
56,82
56,82
56,82
56,82
56,82
56,82
56,82
56,82
56,82
56,82
56,82
56,82
56,82
56,82
56,82
56,82
56,82
56,82
56,82
56,82
56,82
56,82
56,82
56,82
56,82
56,82
56,82
56,82
56,82
56,82
56,82
56,82
56,82
56,82
56,82
56,82
56,82
56,82
56,82
56,82
56,82
56,82
56,82
56,82
56,82
56,82
56,82
56,82
56,82
56,82
56,82
56,82
56,82
56,82
56,82
56,82
56,82
56,82
56,82
56,82
56,82
56,82
56,82
56,82
56,82
56,82
56,82
56,82
56,82
56,82
56,82
56,82
56,82
56,82
56,82
56,82
56,82
56,82
56,82
56,82
56,82
56,82
56,82
56,82
56,82
56,82
56,82
56,82
56,82
56,82
56,82
56,82
56,82
56,82
56,82
56,82
56,82
56,82
56,82
56,82
56,82
56,82
56,82
56,82
56,82
56,82
56,82
56,82
56,82
56,82
56,82
56,82
56,82
56,82
56,82
56,82
56,82
56,82
56,82
56,82
56,82
56,82
56,82
56,82
56,82
56,82
56,82
56,82
56,82
56,82
56,82
56,82
56,82
56,82
56,82
56,82
56,82
56,82
56,82
56,82
56,82
56,82
56,82
56,82
56,82
56,82
56,82
56,82
56,82
56,82
56,82
56,82
56,82
56,82
56,82
56,82
56,82
56,82
56,82
56,82
56,82
56,82
56,82
56,82
56,82
56,82
56,82
56,82
56,82
56,82
56,82
56,82
56,82
56,82
56,82
56,82
56,82
56,82
56,82
56,82
56,82
56,82
56,82
56,82
56,82
56,82
56,82
56,82
56,82
56,82
56,82
56,82
56,82
56,82
56,82
56,82
56,82
56,82
56,82
56,82
56,82
56,82
56,82
56,82
56,82
56,82
56,82
56,82
56,82
56,82
56,82
56,82
56,82
56,82
56,82
56,82
56,82
56,82
56,82
56,82
56,82
56,81
56,80
56,79
56,78
56,77
56,76
56,75
56,74
56,74
56,74
56,74
56,74
56,74
56,74
56,74
56,74
56,74
56,74
56,74
56,74
56,74
56,74
56,74
56,74
56,74
56,74
56,74
56,74
56,74
56,74
56,74
56,74
56,74
56,74
56,74
56,74
56,74
56,74
56,74
56,74
56,74
56,74
56,73
56,72
56,71
56,70
56,69
56,69
56,69
56,69
56,69
56,69
56,69
56,69
56,69
56,69
56,69
56,69
56,69
56,69
56,69
56,69
56,69
56,69
56,69
56,69
56,69
56,69
56,69
56,69
56,69
56,69
56,69
56,69
56,69
56,69
56,69
56,69
56,69
56,69
56,69
56,69
56,69
56,69
56,69
56,69
56,69
56,69
56,69
56,69
56,69
56,69
56,69
56,69
56,69
56,69
56,69
56,69
56,69
56,69
56,69
56,69
56,69
56,69
56,69
56,69
56,69
56,69
56,69
56,69
56,69
56,69
56,69
56,69
56,69
56,69
56,69
56,69
56,69
56,69
56,69
56,69
56,69
56,69
56,69
56,69
56,69
56,69
56,69
56,69
56,69
56,69
56,69
56,69
56,69
56,70
56,71
56,72
56,73
56,74
56,74
56,74
56,74
56,74
56,74
56,74
56,74
56,74
56,74
56,74
56,74
56,74
56,74
56,74
56,74
56,74
56,74
56,74
56,74
56,74
56,74
56,74
56,74
56,74
56,74
56,74
56,74
56,74
56,74
56,74
57,74
58,74
60,74
62,74
64,74
66,74
68,74
70,74
71,74
72,74
72,74
72,74
72,74
72,74
72,74
72,74
72,74
72,74
72,74
72,74
72,74
72,74
72,74
72,74
72,74
72,74
72,74
72,74
72,74
72,74
72,74
72,74
72,74
72,74
72,74
72,74
72,74
72,74
72,74
72,74
72,74
72,74
72,74
72,74
72,74
72,74
72,74
72,74
72,74
72,74
72,74
72,74
72,74
72,74
72,74
72,74
72,74
72,74
72,74
72,74
72,74
72,74
72,74
72,74
72,74
72,74
72,74
72,74
72,74
72,74
72,74
72,74
72,74
72,74
72,74
72,74
72,74
72,74
72,74
72,74
72,74
72,74
72,74
72,74
72,74
72,74
72,74
72,74
72,74
72,74
72,74
72,74
72,74
72,74
72,74
72,74
72,74
72,74
72,74
72,74
72,74
72,74
72,74
72,74
72,74
72,74
72,74
72,74
72,74
72,74
72,74
72,74
72,74
72,74
72,74
72,74
72,74
72,74
72,74
72,74
72,74
72,74
72,74
72,74
72,74
72,74
72,74
72,74
72,74
72,74
72,74
72,74
72,74
72,74
72,74
72,74
72,74
72,74
72,74
72,74
72,74
72,74
72,74
72,74
72,74
72,74
72,74
72,74
72,74
72,74
72,74
72,74
72,74
72,74
72,74
72,74
72,74
72,74
72,74
72,74
72,74
72,74
72,74
72,74
72,74
72,74
72,74
72,74
72,74
72,74
72,74
72,74
72,74
72,74
72,74
72,74
72,74
72,74
72,74
72,74
72,74
72,74
72,74
72,74
72,74
72,74
72,74
72,74
72,74
72,74
72,74
72,74
72,74
72,74
72,74
72,74
72,74
72,74
72,74
72,74
72,74
72,74
72,74
72,74
72,74
72,74
72,74
72,74
72,74
72,74
72,74
72,74
72,74
72,74
72,74
72,74
72,74
72,74
72,74
72,74
72,74
72,74
72,74
72,74
72,74
72,74
72,74
72,74
72,74
72,74
72,74
72,74
72,74
72,74
72,74
72,74
72,74
72,74
72,74
72,74
72,74
72,74
72,74
72,74
72,74
72,74
72,74
72,74
72,74
72,74
72,74
72,74
72,75
72,77
72,79
72,81
72,83
72,85
72,89
72,89
72,89
72,89
72,89
72,89
72,89
72,89
72,89
72,89
72,89
72,89
72,89
72,89
72,89
72,89
72,89
72,89
72,89
72,89
72,89
72,89
72,89
72,88
72,87
72,86
72,85
72,84
72,83
72,83
72,83
72,83
72,83
72,83
72,83
72,83
72,83
72,83
72,83
72,83
72,83
72,83
72,83
72,83
72,83
72,83
72,83
72,83
72,83
72,83
72,83
72,83
72,83
72,83
72,83
72,83
72,83
72,83
72,83
72,83
72,83
72,83
72,83
72,83
72,83
72,83
72,83
72,83
72,83
72,83
72,83
72,83
72,83
72,83
72,83
72,83
72,83
72,83
72,83
72,83
72,83
72,83
72,83
72,83
72,83
72,83
72,83
72,83
72,83
72,83
72,83
72,83
72,83
72,83
72,83
72,83
72,83
72,83
72,83
72,83
72,83
72,83
72,83
72,83
72,83
72,83
72,83
72,83
72,83
72,83
72,83
72,83
72,83
72,83
72,83
72,83
72,83
72,83
72,83
72,83
72,83
72,83
72,83
72,83
72,83
72,83
72,83
72,83
72,83
72,83
72,83
72,83
72,83
72,83
72,83
72,83
72,83
72,83
72,83
72,83
72,83
72,83
72,83
72,83
72,83
72,83
72,83
72,83
72,83
72,83
72,83
72,83
72,83
72,83
72,83
72,83
72,83
72,83
72,83
72,83
72,83
72,83
72,83
72,83
72,83
72,83
71,83
70,83
69,83
68,83
67,83
66,83
65,83
64,83
63,83
63,83
63,83
63,83
63,83
63,83
63,83
63,83
63,83
63,83
63,83
63,83
63,83
63,83
63,83
63,83
63,83
63,83
63,83
63,83
63,83
63,83
63,83
63,83
63,83
63,83
63,83
63,83
63,83
63,83
63,83
63,83
63,83
63,83
63,83
63,83
63,83
63,83
63,83
63,83
63,83
63,83
63,83
63,83
63,83
63,83
63,83
63,83
63,83
63,83
63,83
63,83
63,83
63,83
63,83
63,83
63,83
63,83
63,83
63,83
63,83
63,83
63,83
62,83
61,83
60,83
59,83
58,83
57,83
56,83
55,83
55,83
55,83
55,83
55,83
55,83
55,83
55,83
55,83
55,83
55,83
55,83
55,83
55,83
55,83
55,83
55,83
55,83
55,83
55,83
55,83
55,83
55,83
55,83
55,83
55,83
55,83
55,83
55,83
55,83
55,83
55,83
55,83
55,83
55,83
55,83
55,83
55,83
55,83
55,83
55,83
55,83
55,83
55,83
55,83
55,83
55,83
55,83
55,82
55,81
55,80
55,79
55,78
55,77
55,77
55,77
55,77
55,77
55,77
55,77
55,77
55,77
55,77
55,77
55,77
55,77
55,77
55,77
55,77
55,77
55,77
55,77
55,77
55,77
55,77
55,77
55,77
55,77
55,77
55,77
55,77
55,77
55,77
55,77
55,77
55,77
55,77
55,77
55,77
55,77
55,77
55,77
55,77
55,77
55,77
55,77
55,77
55,77
55,77
55,77
55,77
55,77
55,77
55,77
55,77
55,77
55,77
56,77
57,77
58,77
59,77
60,77
61,77
62,77
62,77
62,77
62,77
62,77
62,77
62,77
62,77
62,77
62,77
62,77
62,77
62,77
62,77
62,77
62,77
62,77
62,77
62,77
62,77
62,77
62,77
62,77
62,77
62,77
62,77
62,77
62,77
62,77
62,77
62,77
62,77
62,77
62,77
62,77
62,77
62,77
62,77
62,77
62,77
62,77
62,77
62,77
62,77
62,77
62,77
62,77
62,77
62,77
62,77
62,77
62,77
62,77
62,77
62,77
62,77
62,77
62,77
62,77
62,77
62,77
62,77
62,77
62,77
62,77
62,77
62,77
62,77
62,77
62,77
62,77
62,77
62,77
62,77
62,77
62,77
62,77
62,77
62,77
62,77
62,77
62,77
62,77
62,77
62,77
62,77
62,77
62,77
62,77
62,77
62,77
62,77
62,77
62,77
62,77
62,77
62,77
62,77
62,77
62,77
62,77
62,77
62,77
62,77
62,77
62,77
62,77
62,77
62,77
62,77
62,77
62,77
62,77
62,77
62,77
62,77
62,77
62,77
62,77
62,77
62,77
62,77
62,77
62,77
62,77
62,77
62,77
62,77
62,77
62,77
62,77
62,77
62,77
62,77
62,77
62,77
62,77
62,77
62,77
62,77
62,77
62,77
62,77
62,77
62,77
62,77
62,77
62,77
62,77
62,77
62,77
62,77
62,77
62,77
62,77
62,77
62,77
62,77
62,77
62,77
62,77
62,77
62,77
62,77
62,77
62,77
62,77
62,77
62,77
62,77
62,77
62,77
62,77
62,77
62,77
62,77
62,77
62,77
62,77
62,77
62,77
62,77
62,77
62,77
62,77
62,77
62,77
62,77
62,77
62,77
62,77
62,77
62,77
62,77
62,77
62,77
62,77
62,77
62,77
62,77
62,77
62,77
62,77
62,77
62,77
62,77
62,77
62,77
62,77
62,77
62,76
62,75
62,74
62,73
62,72
62,71
62,71
62,71
62,71
62,71
62,71
62,71
62,71
62,71
62,71
62,71
62,71
62,71
62,71
62,70
62,69
62,68
62,67
62,66
62,66
62,66
62,66
62,66
62,66
62,66
62,66
62,66
62,66
62,66
62,66
62,66
62,66
62,66
62,65
62,64
62,63
62,62
62,61
62,60
62,59
62,59
62,59
62,59
62,59
62,59
62,59
62,59
62,59
62,59
62,59
62,59
62,59
62,59
62,59
62,59
62,59
62,59
62,59
62,59
62,59
62,59
62,59
62,59
62,59
62,59
62,59
62,59
62,59
62,59
62,59
62,59
62,59
62,59
62,59
62,59
62,59
62,59
62,59
62,59
62,59
62,59
62,59
62,59
62,59
62,59
62,59
62,59
62,59
62,59
62,59
62,59
62,59
62,59
62,59
62,59
62,59
62,59
62,59
62,59
62,59
62,59
62,59
62,59
62,59
62,59
62,59
62,59
62,59
62,59
62,59
62,59
62,59
62,59
62,59
62,59
62,59
62,59
62,59
62,59
62,59
62,59
62,59
62,59
62,59
62,59
62,59
62,59
62,59
62,59
62,59
62,59
62,59
62,59
62,59
62,59
62,59
62,59
62,59
62,59
62,59
62,59
62,59
62,59
62,59
62,59
62,59
62,59
62,59
62,59
62,59
62,59
62,59
62,59
62,59
62,59
62,59
62,59
62,59
62,59
62,59
62,59
62,59
62,59
62,59
62,59
62,59
62,59
62,59
62,59
62,59
62,59
62,59
62,59
62,59
62,59
62,59
62,59
62,59
62,59
62,59
62,59
62,59
62,59
62,59
62,59
62,59
62,59
62,59
62,59
62,59
62,59
62,59
62,59
62,59
62,59
62,59
62,59
62,59
62,59
62,59
62,59
62,59
62,59
62,59
62,59
62,59
62,59
62,59
62,59
62,59
62,59
62,59
62,59
62,59
62,59
62,59
62,59
62,59
62,59
62,59
62,59
62,59
62,59
62,59
63,59
64,59
66,59
68,59
70,59
72,59
74,59
76,59
77,59
77,59
77,59
77,59
77,59
77,59
77,59
77,59
77,59
77,59
77,59
77,59
77,59
77,59
77,59
77,59
77,59
77,59
77,59
77,59
77,59
77,59
77,59
77,59
77,59
77,59
77,59
77,59
77,59
77,59
77,59
77,59
77,59
77,59
77,59
77,59
77,59
77,59
77,59
77,59
77,59
77,59
77,59
77,59
77,59
77,59
77,59
77,59
77,59
77,59
77,59
77,59
77,59
77,59
77,59
77,59
77,59
77,59
77,60
77,61
77,62
77,63
77,64
77,65
77,65
77,65
77,65
77,65
77,65
77,65
77,65
77,65
77,65
77,65
77,65
77,65
77,65
77,65
77,65
77,65
77,65
77,65
77,65
77,65
77,65
77,65
77,65
77,65
77,65
77,65
77,65
77,65
77,65
77,65
77,65
77,65
77,65
77,65
77,65
77,65
77,65
77,65
77,65
77,65
77,65
77,65
77,66
77,67
77,68
77,69
77,70
77,71
77,71
77,71
77,71
77,71
77,71
77,71
77,71
77,71
77,71
77,71
77,71
77,71
77,71
77,71
77,71
77,71
77,71
77,71
77,71
77,71
77,71
77,71
77,71
77,71
77,71
77,71
77,71
77,71
77,71
77,71
77,71
77,71
77,71
77,71
77,71
77,71
77,71
77,71
77,71
77,71
77,71
77,71
77,71
77,71
77,71
77,71
77,71
77,71
77,71
77,71
77,71
77,71
77,71
77,71
77,71
77,71
77,71
77,71
77,71
77,71
77,71
77,71
77,71
77,71
77,71
77,71
77,71
77,71
77,71
77,71
77,71
77,71
77,71
77,71
77,71
77,71
77,71
77,71
77,71
77,71
77,71
77,71
77,71
77,71
77,71
77,71
77,71
77,71
77,71
77,71
77,71
77,71
77,71
77,71
77,71
77,71
77,71
77,71
77,71
77,71
77,71
77,71
77,71
77,71
77,71
77,71
77,71
77,71
77,71
77,71
77,71
77,71
77,71
77,71
77,71
77,71
77,71
77,71
77,71
77,71
77,71
77,71
77,71
77,71
77,71
77,71
77,71
77,71
77,71
77,71
77,71
77,71
77,71
77,71
77,71
77,71
77,71
77,71
77,71
77,71
77,71
77,71
77,71
77,71
77,71
77,71
77,71
77,71
77,71
77,71
77,71
77,71
77,71
77,71
77,71
77,71
77,71
77,71
77,71
77,71
77,71
77,71
77,71
77,71
77,71
77,71
77,71
77,71
77,71
77,71
77,71
77,71
77,71
77,71
77,71
77,71
77,71
77,71
77,71
77,71
77,71
77,71
77,71
77,71
77,71
77,71
77,71
77,71
77,71
77,71
77,71
77,71
77,71
77,71
77,71
77,71
77,71
77,71
77,71
77,71
77,71
77,71
77,71
77,71
77,71
77,71
77,71
77,71
77,71
77,71
77,71
77,71
77,71
77,71
77,71
77,71
77,71
77,71
77,71
77,71
77,71
77,71
77,71
77,71
77,71
77,71
77,71
77,71
77,71
77,71
77,71
77,71
77,71
77,71
77,71
77,71
77,71
77,71
77,71
77,71
77,71
77,71
77,71
77,71
77,71
77,71
77,71
77,71
77,71
77,71
77,71
77,71
77,71
77,71
77,71
77,71
77,71
77,71
77,71
77,71
77,71
77,71
77,71
77,71
77,71
77,71
77,71
77,71
77,71
77,71
77,71
77,71
77,71
77,71
77,71
77,71
77,71
77,71
77,71
77,71
77,71
77,71
77,71
77,71
77,71
77,71
77,71
77,71
77,71
77,71
77,71
77,71
77,71
77,71
77,71
77,71
77,71
77,71
77,71
77,71
77,71
77,71
77,71
77,71
77,71
77,71
77,71
77,71
77,71
77,71
77,71
77,71
77,71
77,71
77,71
77,71
77,71
77,71
77,71
77,71
77,71
77,71
77,71
77,71
77,71
77,71
77,71
77,71
77,71
77,71
77,71
77,71
77,71
77,71
77,71
77,71
77,71
77,71
77,71
77,71
77,71
77,71
77,71
77,71
77,71
77,71
77,71
77,71
77,71
77,71
77,71
77,71
77,71
77,71
77,71
77,71
77,71
77,71
77,71
77,71
77,71
77,71
77,71
77,71
77,71
77,71
77,71
77,71
77,71
77,71
77,71
77,71
77,71
77,71
77,71
77,71
77,71
77,71
77,71
77,71
77,71
77,71
77,71
77,71
77,71
77,71
77,71
77,71
77,71
77,71
77,71
77,71
77,71
77,71
77,71
77,71
77,71
77,71
77,71
77,71
77,71
77,71
77,71
77,71
77,71
77,71
77,71
77,71
77,71
77,71
77,71
77,71
77,71
77,71
77,71
77,71
77,71
77,71
77,71
77,71
77,71
77,71
77,71
77,71
77,71
77,71
77,71
77,71
77,71
77,71
77,71
77,71
77,71
77,71
77,71
77,71
77,71
77,71
77,71
77,71
77,71
77,71
77,71
77,71
77,71
77,71
77,71
77,71
77,71
77,71
77,71
77,71
77,71
77,71
77,71
77,71
77,71
77,71
77,71
77,71
77,71
77,71
77,71
77,71
77,71
77,71
77,71
77,71
77,71
77,71
77,71
77,71
77,71
77,71
77,71
77,71
77,71
77,71
77,71
77,71
77,71
77,71
77,71
77,71
77,71
77,71
77,71
77,71
77,71
77,71
77,71
77,71
77,71
77,71
77,71
77,71
77,71
77,71
77,71
77,71
77,71
77,71
77,71
77,71
77,71
77,71
77,71
77,71
77,71
77,71
77,71
77,71
77,71
77,71
77,71
77,71
77,71
77,71
77,71
77,71
77,71
77,71
77,71
77,71
77,71
77,71
77,71
77,71
77,71
77,71
77,71
77,71
77,71
77,71
77,71
77,71
77,71
77,71
77,71
77,71
77,71
77,71
77,71
77,71
77,71
77,71
77,71
77,71
77,71
77,71
77,71
77,71
77,71
77,71
77,71
77,71
77,71
77,71
77,71
77,71
77,71
77,71
77,71
77,71
77,71
77,71
77,71
77,71
77,71
77,71
77,71
77,71
77,71
77,71
77,71
77,71
77,71
77,71
77,71
77,71
77,71
77,71
77,71
77,71
77,71
77,71
77,71
77,71
77,71
77,71
77,71
77,71
77,71
77,71
77,71
77,71
77,71
77,71
77,71
77,71
77,71
77,71
77,71
77,71
77,71
77,71
77,71
77,71
77,71
77,71
77,71
77,71
77,71
77,71
77,71
77,71
77,71
77,71
77,71
77,71
77,71
77,71
77,71
77,71
77,71
77,71
77,71
77,71
77,71
77,71
77,71
77,71
77,71
77,71
77,71
77,71
77,71
77,71
77,71
77,71
77,71
77,71
77,71
77,71
77,71
77,71
77,71
77,71
77,71
77,71
77,71
77,71
77,71
77,71
77,71
77,71
77,71
77,71
77,71
77,71
77,71
77,71
77,71
77,71
77,71
77,71
77,71
77,71
77,71
77,71
77,71
77,71
77,71
77,71
77,71
77,71
77,71
77,71
77,71
77,71
77,71
77,71
77,71
77,71
77,71
77,71
77,71
77,71
77,71
77,71
77,71
77,71
77,71
77,71
77,71
77,71
77,71
77,71
77,71
77,71
77,71
77,71
77,71
77,71
77,71
77,71
77,71
77,71
77,71
77,71
77,71
77,71
77,71
77,71
77,71
77,71
77,71
77,71
77,71
77,71
77,71
77,71
77,71
77,71
77,71
77,71
77,71
77,71
77,71
77,71
77,71
77,71
77,71
77,71
77,71
77,71
77,71
77,71
77,71
77,71
77,71
77,71
77,71
77,71
77,71
77,71
77,71
77,71
77,71
77,71
77,71
77,71
77,71
77,71
77,71
77,71
77,71
77,71
77,71
77,71
77,71
77,71
77,71
77,71
77,71
77,71
77,71
77,71
77,71
77,71
77,71
77,71
77,71
77,71
77,71
77,71
77,71
77,71
77,71
78,71
79,71
80,71
81,71
82,71
83,71
84,71
85,71
86,71
87,71
88,71
89,71
89,71
89,71
89,71
89,71
89,71
89,71
89,71
89,71
89,71
89,71
89,71
89,71
89,71
89,71
89,71
89,71
89,71
89,71
89,71
89,71
89,71
89,71
89,71
89,71
89,71
89,71
89,71
89,71
89,71
89,71
89,71
89,71
89,71
89,71
89,71
89,71
89,71
89,71
89,71
89,71
89,71
89,71
89,71
89,71
89,71
89,71
89,71
89,71
89,71
89,71
89,71
89,71
89,71
89,71
89,71
89,71
89,71
89,71
89,71
89,71
89,71
89,71
89,71
89,71
89,71
89,71
89,71
89,71
89,71
89,71
89,71
89,71
89,71
89,71
89,71
89,71
89,71
89,71
89,71
89,71
89,71
89,71
89,71
89,71
89,71
89,71
89,71
88,71
87,71
86,71
85,71
84,71
83,71
82,71
81,71
81,71
81,71
81,71
81,71
81,71
81,71
81,71
81,71
81,71
81,71
81,71
81,71
81,71
81,71
81,71
81,71
81,71
81,71
81,71
81,71
81,71
81,71
81,71
81,71
81,70
81,69
81,68
81,67
81,66
81,65
81,64
81,63
81,63
81,63
81,63
81,63
81,63
81,63
81,63
81,63
81,63
81,63
81,63
81,63
81,63
81,63
81,63
81,63
81,63
81,63
81,62
81,61
81,60
81,59
81,58
81,57
81,56
81,55
81,55
81,55
81,55
81,55
81,55
81,55
81,55
81,55
81,55
81,55
81,55
81,55
81,55
81,55
81,55
81,55
81,55
81,55
81,55
81,55
81,55
81,55
81,55
81,55
81,55
81,55
81,55
81,55
81,55
81,55
81,55
81,55
81,55
81,55
81,55
81,55
81,55
81,55
81,55
81,55
81,55
81,55
81,55
81,55
81,55
81,55
81,55
81,55
81,55
81,55
81,55
81,55
81,55
81,55
81,55
81,55
81,55
81,55
81,55
81,55
81,55
81,55
81,55
81,55
81,55
81,55
81,55
81,55
81,55
81,55
81,55
81,55
81,55
81,55
81,55
81,55
81,55
81,55
81,55
81,55
81,55
81,55
81,55
81,55
81,55
81,55
81,55
81,55
81,55
81,55
81,55
81,55
81,55
81,55
81,55
81,55
81,55
81,55
81,55
81,55
81,55
81,55
81,55
81,55
81,55
81,55
81,55
81,55
81,55
81,55
81,55
81,55
81,55
81,55
81,55
81,55
81,55
81,55
81,55
81,55
81,55
81,55
81,55
81,55
81,55
81,55
81,55
81,55
81,55
81,55
81,55
81,55
81,55
81,55
81,55
81,55
81,55
81,55
81,55
81,55
81,55
81,55
81,55
81,55
81,55
81,55
81,55
81,55
81,55
81,55
81,55
81,55
81,55
81,55
81,55
81,55
81,55
81,55
81,55
81,55
81,55
81,55
81,55
81,55
81,54
81,53
81,52
81,51
81,50
81,49
81,48
81,48
81,48
81,48
81,48
81,48
81,48
81,48
81,48
81,48
81,48
81,48
81,48
81,48
81,48
81,48
81,48
81,48
81,48
81,48
81,48
81,48
81,48
81,48
81,48
81,48
81,48
81,48
81,48
81,48
81,48
81,48
81,48
81,48
81,48
81,48
81,48
81,48
81,48
81,48
81,48
81,48
81,48
81,48
81,48
81,48
81,48
81,48
81,48
81,48
81,48
81,48
81,48
81,48
81,48
81,48
81,48
81,48
81,48
81,48
81,48
81,48
81,48
81,48
81,48
81,48
81,48
81,48
81,47
81,46
81,45
81,44
81,43
81,42
81,41
81,41
81,41
81,41
81,41
81,41
81,41
81,41
81,41
81,41
81,41
81,41
81,41
81,41
81,41
81,41
81,41
81,41
81,41
81,41
81,41
81,41
81,41
81,41
81,41
81,41
81,41
81,41
81,41
81,41
81,41
81,41
81,41
81,41
81,41
81,41
81,41
81,41
81,41
81,41
81,41
81,41
81,41
81,41
81,41
81,41
81,41
81,41
81,41
81,41
81,41
81,41
81,41
81,41
81,41
81,41
81,41
81,41
81,41
81,41
81,41
81,41
81,41
81,41
81,41
81,41
81,41
81,41
81,41
81,41
81,41
81,41
81,41
81,41
81,41
81,41
81,41
81,41
81,41
81,41
81,41
81,41
81,41
81,41
81,41
81,41
81,41
81,41
81,41
81,41
81,41
81,41
81,41
81,41
81,41
81,41
81,41
81,41
81,41
81,41
81,41
81,41
81,41
81,41
81,41
81,41
81,41
81,41
81,41
81,41
81,41
81,41
81,41
81,41
81,41
81,41
81,41
81,41
81,41
81,41
81,41
81,41
81,41
81,41
81,41
81,41
81,41
81,41
81,41
81,41
81,41
81,41
81,41
81,41
81,41
81,41
81,41
81,41
81,41
81,41
81,41
81,41
81,41
81,41
81,41
81,41
81,41
81,41
81,41
81,41
81,41
81,41
81,41
81,41
81,41
81,41
81,41
81,41
81,41
81,41
81,41
81,41
81,41
81,41
81,41
81,41
81,41
81,41
81,41
81,41
81,41
81,41
81,41
81,41
81,41
81,41
81,41
81,41
81,41
81,41
81,41
81,41
81,41
81,41
81,41
81,41
81,41
81,41
81,41
81,41
81,41
81,41
81,41
81,41
81,41
81,41
81,41
81,41
81,41
81,41
81,41
81,41
81,41
81,41
81,41
81,41
81,41
81,41
81,41
81,41
81,41
81,41
81,41
81,41
81,41
81,41
81,41
81,41
81,41
81,41
81,41
81,41
81,41
81,41
81,41
81,41
81,41
81,41
81,41
81,41
81,41
81,41
81,41
81,41
81,41
81,41
81,41
81,41
81,41
81,41
81,41
81,41
81,41
81,41
81,41
81,41
81,41
81,41
81,41
81,41
81,41
81,41
81,41
81,41
81,41
81,41
81,41
81,41
81,41
81,41
81,41
81,41
81,41
81,41
81,41
81,41
81,41
81,41
81,41
81,41
81,41
81,41
81,41
81,41
81,41
81,41
81,41
81,41
81,41
81,41
81,41
81,41
81,41
81,41
81,41
81,41
81,41
81,41
81,41
81,41
81,41
81,41
81,41
81,41
81,41
81,41
81,41
81,41
81,41
81,41
81,41
81,41
81,41
81,41
81,41
81,41
81,41
81,41
81,41
81,41
81,41
81,41
81,41
81,41
81,41
81,41
81,41
81,41
81,41
81,41
81,41
81,41
81,41
81,41
81,41
81,41
81,41
81,41
81,41
81,41
81,41
81,41
81,41
81,41
81,41
81,41
81,41
81,41
81,41
81,41
81,41
81,41
81,41
81,41
81,41
81,41
81,41
81,41
81,41
81,41
81,41
81,41
81,41
81,41
81,41
81,41
81,41
81,41
81,41
81,41
81,41
81,41
81,41
81,41
81,41
81,41
81,41
81,41
81,41
81,41
81,41
81,41
81,41
81,41
81,41
81,41
81,41
81,41
81,41
81,41
81,41
81,41
81,41
81,41
81,41
81,41
81,41
81,41
81,41
81,41
81,41
81,41
81,41
81,41
81,41
81,41
81,41
81,41
81,41
81,41
81,41
81,41
81,41
81,41
81,41
81,41
81,41
81,41
81,41
81,41
81,41
81,41
81,41
81,41
81,41
81,41
81,41
81,41
81,41
81,41
81,42
81,43
81,44
81,45
81,46
81,47
81,48
81,49
81,49
81,49
81,49
81,49
81,49
81,49
81,49
81,49
81,49
81,49
81,49
81,49
81,49
81,49
81,49
81,49
81,49
81,49
81,49
81,49
81,49
81,49
81,49
81,49
81,49
81,49
81,49
81,49
81,49
81,49
81,49
81,49
81,49
81,49
81,49
81,49
81,49
81,49
81,49
81,49
81,49
81,49
81,50
81,51
81,52
81,53
81,54
81,55
81,56
81,56
81,56
81,56
81,56
81,56
81,56
81,56
81,56
81,56
81,56
81,56
81,56
81,56
81,56
81,56
81,56
81,56
81,56
81,56
81,56
81,56
81,56
81,56
81,56
81,56
81,56
81,56
81,56
81,56
81,56
81,56
81,56
81,56
81,56
81,56
81,56
81,56
81,56
81,56
81,56
81,56
81,56
81,56
81,56
81,56
81,56
81,56
81,56
81,56
81,56
81,56
81,56
81,56
81,56
81,56
81,56
81,56
81,56
81,56
81,56
81,56
81,56
81,56
81,56
81,56
81,56
81,56
81,56
81,56
81,56
81,56
81,56
81,56
81,56
81,56
81,56
81,56
81,56
81,56
81,56
81,56
81,56
81,56
81,56
81,56
81,56
81,56
81,56
81,56
81,56
81,56
81,56
81,56
81,56
81,56
81,56
81,56
81,56
81,56
81,56
81,56
81,56
81,56
81,56
81,56
81,56
81,56
81,56
81,56
81,56
81,56
81,56
81,56
81,56
81,56
81,56
81,56
81,56
81,56
81,56
81,56
81,56
81,56
81,56
81,56
81,56
81,56
81,56
81,56
81,56
81,56
81,56
81,56
81,56
81,56
81,56
81,56
81,56
81,56
81,56
81,56
81,56
81,56
81,56
81,56
81,56
81,56
81,56
81,56
81,56
81,56
81,56
81,56
81,56
81,56
81,56
81,56
81,56
81,56
81,56
81,56
81,56
81,56
81,56
81,56
81,56
81,56
81,56
81,56
81,56
81,56
81,56
81,56
81,56
81,56
81,56
81,56
81,56
81,56
81,56
81,56
81,56
81,56
81,56
81,56
81,56
81,56
81,56
81,56
81,56
81,56
81,56
81,56
81,56
81,56
81,56
81,56
81,56
81,56
82,56
83,56
84,56
85,56
86,56
87,56
88,56
89,56
90,56
90,56
90,56
90,56
90,56
90,56
90,56
90,56
90,56
90,56
90,56
90,56
90,56
90,56
90,56
90,56
90,56
90,56
90,56
90,56
90,56
90,56
90,56
90,56
90,56
90,56
90,56
90,56
90,56
90,56
90,56
90,56
90,56
90,56
90,56
90,56
90,56
90,56
90,56
90,56
90,56
90,56
90,56
90,56
90,56
90,56
90,56
90,56
90,56
90,56
90,56
90,56
90,56
90,56
90,56
90,56
90,56
90,56
90,56
90,56
90,57
90,59
90,61
90,63
90,65
90,67
90,68
90,68
90,68
90,68
90,68
90,68
90,68
90,68
90,68
90,68
90,68
90,68
90,68
90,68
90,68
90,68
90,68
90,68
90,68
90,68
90,68
90,68
90,68
90,68
90,68
90,68
90,68
90,68
90,68
90,68
90,68
90,68
90,68
90,68
90,68
90,68
90,68
90,68
90,68
90,68
90,68
90,68
90,68
90,68
90,68
90,68
90,68
90,68
90,68
90,68
90,68
90,68
90,68
90,68
90,68
90,68
90,68
90,68
90,68
90,68
90,68
90,68
90,68
90,68
90,68
90,68
90,68
90,68
90,68
90,68
90,68
90,68
90,68
90,68
90,68
90,68
90,68
90,68
90,68
90,68
90,68
90,68
90,68
90,68
90,68
90,68
90,68
90,68
90,68
90,68
90,68
90,68
90,68
90,68
90,68
90,68
90,68
90,68
90,68
90,68
90,68
90,68
90,68
90,68
90,68
90,68
90,68
90,68
90,68
90,68
90,68
90,68
90,68
90,68
90,68
90,68
90,68
90,68
90,68
90,68
90,68
90,68
90,68
90,68
90,68
90,68
90,68
90,68
90,68
90,68
90,68
90,68
90,68
90,68
90,68
90,68
90,68
90,68
90,68
90,68
90,68
90,68
90,68
90,68
90,68
90,68
90,68
90,68
90,68
90,68
90,68
90,68
90,68
90,68
90,68
90,68
90,68
90,68
90,68
90,68
90,68
90,68
90,68
90,68
90,68
90,68
90,68
90,68
90,68
90,68
90,68
90,68
90,68
90,68
90,68
90,68
90,68
90,68
90,68
90,68
90,68
90,68
90,68
90,68
90,68
90,68
90,68
90,68
90,68
90,68
90,68
90,68
90,68
90,68
90,68
90,68
90,68
90,68
90,68
90,68
90,68
90,68
90,68
90,68
90,68
90,68
90,68
90,68
90,68
90,68
90,68
90,68
90,68
90,68
90,68
90,68
90,68
90,68
90,68
90,68
90,68
90,68
90,68
90,68
90,68
90,68
90,68
90,68
90,68
90,68
90,68
90,68
90,68
90,68
90,68
90,68
90,68
90,68
90,68
90,68
90,68
90,68
90,68
90,68
90,68
90,68
90,68
90,68
90,68
90,68
90,68
90,68
90,68
90,68
90,68
90,68
90,68
90,68
90,68
90,68
90,68
90,68
90,68
90,68
90,68
90,68
90,68
90,68
90,68
90,68
90,68
90,68
90,68
90,68
90,68
90,68
90,68
90,68
90,68
90,68
90,68
90,68
90,68
90,68
90,68
90,68
90,68
90,68
90,68
90,68
90,68
90,68
90,68
90,68
90,68
90,68
90,68
90,68
90,68
90,68
90,68
90,68
90,68
90,68
90,68
90,68
90,68
90,68
90,68
90,68
90,68
90,68
90,68
90,68
90,68
90,68
90,68
90,68
90,68
90,68
90,68
90,68
90,68
90,68
90,68
90,68
90,68
90,68
90,68
90,68
90,68
90,68
90,68
90,68
90,68
90,68
90,68
90,68
90,68
90,68
90,68
90,68
90,68
90,68
90,68
90,68
90,66
90,65
90,65
90,65
90,65
90,65
90,65
90,65
90,65
90,65
90,65
90,65
90,65
90,65
90,65
90,65
90,65
90,65
90,65
90,65
90,65
90,65
90,65
90,65
90,65
90,65
90,65
90,65
90,65
90,65
90,65
90,65
90,65
90,65
90,65
90,65
90,65
90,65
90,65
90,65
90,65
90,65
90,65
90,65
90,65
90,65
90,65
90,65
90,65
90,65
90,65
90,65
90,65
90,65
90,65
90,65
90,65
90,65
90,65
90,65
90,65
90,65
90,65
90,65
90,65
90,65
90,65
90,65
90,65
90,65
90,65
90,65
90,65
90,65
90,65
90,65
90,65
90,65
90,65
90,65
90,65
90,65
90,65
90,65
90,65
90,65
90,65
90,65
90,65
90,65
90,65
90,65
90,65
90,65
90,65
90,65
90,65
90,65
90,65
90,65
90,65
90,65
90,65
90,65
90,65
90,65
90,65
90,65
90,65
90,65
90,65
90,65
90,65
90,65
90,65
90,65
90,65
90,65
90,65
90,65
90,65
89,65
88,65
87,65
86,65
85,65
85,65
85,65
85,65
85,65
85,65
85,65
85,65
85,65
85,65
85,65
85,65
85,65
85,65
85,65
85,65
85,65
85,65
85,65
85,65
85,65
85,65
85,65
85,65
85,65
85,65
85,65
85,65
85,65
85,65
85,65
85,65
85,65
85,65
85,65
85,65
85,65
85,65
85,65
85,65
85,65
85,65
85,65
85,65
85,65
85,65
85,65
85,65
85,65
85,65
85,65
85,65
85,65
85,65
85,65
85,65
85,65
85,65
85,65
85,65
85,65
85,65
85,65
85,65
85,65
85,65
85,65
85,65
85,65
85,65
85,65
85,65
85,65
85,65
85,65
85,65
85,65
85,65
85,65
85,65
85,65
85,65
85,65
85,65
85,65
85,65
85,65
85,65
85,65
85,65
85,65
85,65
85,65
85,65
85,65
85,65
85,65
85,65
85,65
85,65
85,65
85,65
85,65
85,65
85,65
85,65
85,65
85,65
85,65
85,65
85,65
85,65
85,65
85,65
85,65
85,65
85,65
85,65
85,65
85,65
85,65
85,65
85,65
85,65
85,65
85,65
85,65
85,65
85,65
85,65
85,65
85,65
85,65
85,65
85,65
85,65
85,65
85,65
85,65
85,65
85,65
85,65
85,65
85,65
85,65
85,65
85,65
85,65
85,65
85,65
85,65
85,65
85,65
85,65
85,65
85,65
85,65
85,65
85,65
85,65
85,65
85,65
85,65
85,65
85,65
85,65
85,65
85,65
85,65
85,65
85,65
85,65
85,65
85,65
85,65
85,65
85,65
85,65
85,65
85,65
85,65
85,65
85,65
85,65
85,65
85,65
85,65
85,65
85,65
85,65
85,65
85,65
85,65
85,65
85,65
85,65
85,65
85,65
85,65
85,65
85,65
85,65
85,65
85,65
85,65
85,65
85,65
85,65
85,65
85,65
85,65
85,65
85,65
85,65
85,65
85,65
85,65
85,65
85,65
85,65
85,65
85,65
85,65
85,65
85,65
85,65
85,65
85,65
85,65
85,65
85,65
85,65
85,65
85,65
85,65
85,65
85,65
85,65
85,65
85,65
85,65
85,65
85,65
85,65
85,65
85,65
85,65
85,65
85,65
85,65
85,65
85,65
85,65
85,65
85,65
85,65
85,65
85,65
85,65
85,65
85,65
85,65
85,65
84,65
83,65
82,65
81,65
80,65
79,65
79,65
79,65
79,65
79,65
79,65
79,65
79,65
79,65
79,65
79,65
79,65
79,65
79,65
79,65
79,65
79,65
79,65
79,65
79,65
79,65
79,65
79,65
79,65
79,65
79,65
79,65
79,65
79,65
79,65
79,65
79,65
79,65
79,65
79,65
79,65
79,65
79,65
79,65
79,65
79,65
79,65
79,65
79,65
79,65
79,65
79,65
79,65
79,65
79,65
79,65
79,65
79,65
79,65
79,65
79,65
79,65
79,65
79,65
79,65
79,65
79,65
79,65
79,65
79,65
79,65
79,65
79,65
79,65
79,65
79,65
79,65
79,65
79,65
79,65
79,65
79,65
79,65
79,65
79,65
79,65
79,65
79,65
79,65
79,65
79,65
79,65
79,65
79,65
79,65
78,65
77,65
76,65
75,65
74,65
73,65
72,65
71,65
70,65
70,65
70,65
70,65
70,65
70,65
70,65
70,65
70,65
70,65
70,65
70,65
70,65
70,65
70,65
70,65
70,65
70,65
70,65
70,65
70,65
70,65
70,65
70,65
70,65
70,65
70,65
70,65
70,65
70,65
69,65
68,65
67,65
66,65
65,65
64,65
64,65
64,65
64,65
64,65
64,65
64,65
